observation_id,source_native_file,source_native_record_id,source_native_row_number,source_value_column,universe_id,source_id,source_family,publisher,source_url,retrieval_date,edition,publication_year,reference_period,survey_phase,geography,methodology_cluster,methodology_status,source_group_label,canonical_group,operating_company,attribution_scope,relationship_type,ownership_start,ownership_end,ownership_period_status,source_brand_label,canonical_brand_family,canonical_brand_key,brand_identity_status,brand_mapping_status,source_category,source_subcategory,source_subcategory_id,canonical_sector,canonical_category,canonical_subcategory,category_mapping_status,metric,value,value_text,unit,observation_status,missingness_reason,value_semantics,bound_type,uncertainty_status,comparability_class,comparability_rule_id,comparability_reason,notes,ownership_registry_primary_match,primary_analysis_eligible,sensitivity_analysis_eligible,analysis_scope,value_available,category_strength_candidate,category_leadership_value_candidate,consumer_reach_group_comparison_eligible,acquisition_role,universe_target_period,selection_basis,capture_status,capture_note,source_label_series_key,family_series_key,eligibility_exclusion_reason
STD_TBG001_2022,data/source_native/top_brand_targeted_observations.csv,TBG001,1,value_2022,AU001,SRC_TBA_004,Top Brand,Frontier / Top Brand Award,https://www.topbrand-award.com/komparasi_brand/bandingkan?id_award=1&id_kategori=2&id_subkategori=30,2026-08-20,,2022,2022,not_exposed_on_comparison_page,Indonesia,top_brand_historical_unverified,historical_not_verified,Wings Group,Wings Group,Operating entity unresolved within Wings Group,strict_control,controlled_group_portfolio,,,valid,Mie Sedaap,Sedaap,wings_group__sedaap,direct_brand_match,direct,Makanan dan Minuman,MIE INSTANT DALAM KEMASAN BAG,30,Food,Noodles,Bagged Instant Noodles,direct,TBI,15.5,,percent_index_points,observed,,exact_numeric,none,not_reported,comparable_with_caveat,CMP002,Same brand and source subcategory; historical methodology and survey-surface caveats remain.,TBI is source-native and is not market share.,yes,yes,no,primary_strict_control,yes,yes,yes,no,longitudinal_target,2022-2026,selected because at least two focal groups compete in same source subcategory,captured_in_stage1_batch,,AU001|Mie Sedaap|30|TBI|percent_index_points|Indonesia|top_brand_historical_unverified,wings_group__sedaap|30|TBI|percent_index_points|Indonesia|top_brand_historical_unverified,
STD_TBG001_2023,data/source_native/top_brand_targeted_observations.csv,TBG001,1,value_2023,AU001,SRC_TBA_004,Top Brand,Frontier / Top Brand Award,https://www.topbrand-award.com/komparasi_brand/bandingkan?id_award=1&id_kategori=2&id_subkategori=30,2026-08-20,,2023,2023,not_exposed_on_comparison_page,Indonesia,top_brand_historical_unverified,historical_not_verified,Wings Group,Wings Group,Operating entity unresolved within Wings Group,strict_control,controlled_group_portfolio,,,valid,Mie Sedaap,Sedaap,wings_group__sedaap,direct_brand_match,direct,Makanan dan Minuman,MIE INSTANT DALAM KEMASAN BAG,30,Food,Noodles,Bagged Instant Noodles,direct,TBI,16.2,,percent_index_points,observed,,exact_numeric,none,not_reported,comparable_with_caveat,CMP002,Same brand and source subcategory; historical methodology and survey-surface caveats remain.,TBI is source-native and is not market share.,yes,yes,no,primary_strict_control,yes,yes,yes,no,longitudinal_target,2022-2026,selected because at least two focal groups compete in same source subcategory,captured_in_stage1_batch,,AU001|Mie Sedaap|30|TBI|percent_index_points|Indonesia|top_brand_historical_unverified,wings_group__sedaap|30|TBI|percent_index_points|Indonesia|top_brand_historical_unverified,
STD_TBG001_2024,data/source_native/top_brand_targeted_observations.csv,TBG001,1,value_2024,AU001,SRC_TBA_004,Top Brand,Frontier / Top Brand Award,https://www.topbrand-award.com/komparasi_brand/bandingkan?id_award=1&id_kategori=2&id_subkategori=30,2026-08-20,,2024,2024,not_exposed_on_comparison_page,Indonesia,top_brand_historical_unverified,historical_not_verified,Wings Group,Wings Group,Operating entity unresolved within Wings Group,strict_control,controlled_group_portfolio,,,valid,Mie Sedaap,Sedaap,wings_group__sedaap,direct_brand_match,direct,Makanan dan Minuman,MIE INSTANT DALAM KEMASAN BAG,30,Food,Noodles,Bagged Instant Noodles,direct,TBI,13.9,,percent_index_points,observed,,exact_numeric,none,not_reported,comparable_with_caveat,CMP002,Same brand and source subcategory; historical methodology and survey-surface caveats remain.,TBI is source-native and is not market share.,yes,yes,no,primary_strict_control,yes,yes,yes,no,longitudinal_target,2022-2026,selected because at least two focal groups compete in same source subcategory,captured_in_stage1_batch,,AU001|Mie Sedaap|30|TBI|percent_index_points|Indonesia|top_brand_historical_unverified,wings_group__sedaap|30|TBI|percent_index_points|Indonesia|top_brand_historical_unverified,
STD_TBG001_2025,data/source_native/top_brand_targeted_observations.csv,TBG001,1,value_2025,AU001,SRC_TBA_004,Top Brand,Frontier / Top Brand Award,https://www.topbrand-award.com/komparasi_brand/bandingkan?id_award=1&id_kategori=2&id_subkategori=30,2026-08-20,,2025,2025,not_exposed_on_comparison_page,Indonesia,top_brand_historical_unverified,historical_not_verified,Wings Group,Wings Group,Operating entity unresolved within Wings Group,strict_control,controlled_group_portfolio,,,valid,Mie Sedaap,Sedaap,wings_group__sedaap,direct_brand_match,direct,Makanan dan Minuman,MIE INSTANT DALAM KEMASAN BAG,30,Food,Noodles,Bagged Instant Noodles,direct,TBI,11.6,,percent_index_points,observed,,exact_numeric,none,not_reported,comparable_with_caveat,CMP002,Same brand and source subcategory; historical methodology and survey-surface caveats remain.,TBI is source-native and is not market share.,yes,yes,no,primary_strict_control,yes,yes,yes,no,longitudinal_target,2022-2026,selected because at least two focal groups compete in same source subcategory,captured_in_stage1_batch,,AU001|Mie Sedaap|30|TBI|percent_index_points|Indonesia|top_brand_historical_unverified,wings_group__sedaap|30|TBI|percent_index_points|Indonesia|top_brand_historical_unverified,
STD_TBG001_2026,data/source_native/top_brand_targeted_observations.csv,TBG001,1,value_2026,AU001,SRC_TBA_004,Top Brand,Frontier / Top Brand Award,https://www.topbrand-award.com/komparasi_brand/bandingkan?id_award=1&id_kategori=2&id_subkategori=30,2026-08-20,,2026,2026,not_exposed_on_comparison_page,Indonesia,top_brand_current_documented,documented,Wings Group,Wings Group,Operating entity unresolved within Wings Group,strict_control,controlled_group_portfolio,,,valid,Mie Sedaap,Sedaap,wings_group__sedaap,direct_brand_match,direct,Makanan dan Minuman,MIE INSTANT DALAM KEMASAN BAG,30,Food,Noodles,Bagged Instant Noodles,direct,TBI,14.5,,percent_index_points,observed,,exact_numeric,none,not_reported,comparable_with_caveat,CMP002,Same brand and source subcategory; historical methodology and survey-surface caveats remain.,TBI is source-native and is not market share.,yes,yes,no,primary_strict_control,yes,yes,yes,no,longitudinal_target,2022-2026,selected because at least two focal groups compete in same source subcategory,captured_in_stage1_batch,,AU001|Mie Sedaap|30|TBI|percent_index_points|Indonesia|top_brand_current_documented,wings_group__sedaap|30|TBI|percent_index_points|Indonesia|top_brand_current_documented,
STD_TBG002_2022,data/source_native/top_brand_targeted_observations.csv,TBG002,2,value_2022,AU003,SRC_TBA_004,Top Brand,Frontier / Top Brand Award,https://www.topbrand-award.com/komparasi_brand/bandingkan?id_award=1&id_kategori=2&id_subkategori=30,2026-08-20,,2022,2022,not_exposed_on_comparison_page,Indonesia,top_brand_historical_unverified,historical_not_verified,Indofood,Indofood,ICBP Noodles Division,strict_control,controlled,,,valid,Indomie,Indomie,indofood__indomie,direct_brand_match,direct,Makanan dan Minuman,MIE INSTANT DALAM KEMASAN BAG,30,Food,Noodles,Bagged Instant Noodles,direct,TBI,72.9,,percent_index_points,observed,,exact_numeric,none,not_reported,comparable_with_caveat,CMP002,Same brand and source subcategory; historical methodology and survey-surface caveats remain.,TBI is source-native and is not market share.,yes,yes,no,primary_strict_control,yes,yes,yes,no,longitudinal_target,2022-2026,same source subcategory,captured_in_stage1_batch,,AU003|Indomie|30|TBI|percent_index_points|Indonesia|top_brand_historical_unverified,indofood__indomie|30|TBI|percent_index_points|Indonesia|top_brand_historical_unverified,
STD_TBG002_2023,data/source_native/top_brand_targeted_observations.csv,TBG002,2,value_2023,AU003,SRC_TBA_004,Top Brand,Frontier / Top Brand Award,https://www.topbrand-award.com/komparasi_brand/bandingkan?id_award=1&id_kategori=2&id_subkategori=30,2026-08-20,,2023,2023,not_exposed_on_comparison_page,Indonesia,top_brand_historical_unverified,historical_not_verified,Indofood,Indofood,ICBP Noodles Division,strict_control,controlled,,,valid,Indomie,Indomie,indofood__indomie,direct_brand_match,direct,Makanan dan Minuman,MIE INSTANT DALAM KEMASAN BAG,30,Food,Noodles,Bagged Instant Noodles,direct,TBI,72.5,,percent_index_points,observed,,exact_numeric,none,not_reported,comparable_with_caveat,CMP002,Same brand and source subcategory; historical methodology and survey-surface caveats remain.,TBI is source-native and is not market share.,yes,yes,no,primary_strict_control,yes,yes,yes,no,longitudinal_target,2022-2026,same source subcategory,captured_in_stage1_batch,,AU003|Indomie|30|TBI|percent_index_points|Indonesia|top_brand_historical_unverified,indofood__indomie|30|TBI|percent_index_points|Indonesia|top_brand_historical_unverified,
STD_TBG002_2024,data/source_native/top_brand_targeted_observations.csv,TBG002,2,value_2024,AU003,SRC_TBA_004,Top Brand,Frontier / Top Brand Award,https://www.topbrand-award.com/komparasi_brand/bandingkan?id_award=1&id_kategori=2&id_subkategori=30,2026-08-20,,2024,2024,not_exposed_on_comparison_page,Indonesia,top_brand_historical_unverified,historical_not_verified,Indofood,Indofood,ICBP Noodles Division,strict_control,controlled,,,valid,Indomie,Indomie,indofood__indomie,direct_brand_match,direct,Makanan dan Minuman,MIE INSTANT DALAM KEMASAN BAG,30,Food,Noodles,Bagged Instant Noodles,direct,TBI,71.2,,percent_index_points,observed,,exact_numeric,none,not_reported,comparable_with_caveat,CMP002,Same brand and source subcategory; historical methodology and survey-surface caveats remain.,TBI is source-native and is not market share.,yes,yes,no,primary_strict_control,yes,yes,yes,no,longitudinal_target,2022-2026,same source subcategory,captured_in_stage1_batch,,AU003|Indomie|30|TBI|percent_index_points|Indonesia|top_brand_historical_unverified,indofood__indomie|30|TBI|percent_index_points|Indonesia|top_brand_historical_unverified,
STD_TBG002_2025,data/source_native/top_brand_targeted_observations.csv,TBG002,2,value_2025,AU003,SRC_TBA_004,Top Brand,Frontier / Top Brand Award,https://www.topbrand-award.com/komparasi_brand/bandingkan?id_award=1&id_kategori=2&id_subkategori=30,2026-08-20,,2025,2025,not_exposed_on_comparison_page,Indonesia,top_brand_historical_unverified,historical_not_verified,Indofood,Indofood,ICBP Noodles Division,strict_control,controlled,,,valid,Indomie,Indomie,indofood__indomie,direct_brand_match,direct,Makanan dan Minuman,MIE INSTANT DALAM KEMASAN BAG,30,Food,Noodles,Bagged Instant Noodles,direct,TBI,73.0,,percent_index_points,observed,,exact_numeric,none,not_reported,comparable_with_caveat,CMP002,Same brand and source subcategory; historical methodology and survey-surface caveats remain.,TBI is source-native and is not market share.,yes,yes,no,primary_strict_control,yes,yes,yes,no,longitudinal_target,2022-2026,same source subcategory,captured_in_stage1_batch,,AU003|Indomie|30|TBI|percent_index_points|Indonesia|top_brand_historical_unverified,indofood__indomie|30|TBI|percent_index_points|Indonesia|top_brand_historical_unverified,
STD_TBG002_2026,data/source_native/top_brand_targeted_observations.csv,TBG002,2,value_2026,AU003,SRC_TBA_004,Top Brand,Frontier / Top Brand Award,https://www.topbrand-award.com/komparasi_brand/bandingkan?id_award=1&id_kategori=2&id_subkategori=30,2026-08-20,,2026,2026,not_exposed_on_comparison_page,Indonesia,top_brand_current_documented,documented,Indofood,Indofood,ICBP Noodles Division,strict_control,controlled,,,valid,Indomie,Indomie,indofood__indomie,direct_brand_match,direct,Makanan dan Minuman,MIE INSTANT DALAM KEMASAN BAG,30,Food,Noodles,Bagged Instant Noodles,direct,TBI,71.6,,percent_index_points,observed,,exact_numeric,none,not_reported,comparable_with_caveat,CMP002,Same brand and source subcategory; historical methodology and survey-surface caveats remain.,TBI is source-native and is not market share.,yes,yes,no,primary_strict_control,yes,yes,yes,no,longitudinal_target,2022-2026,same source subcategory,captured_in_stage1_batch,,AU003|Indomie|30|TBI|percent_index_points|Indonesia|top_brand_current_documented,indofood__indomie|30|TBI|percent_index_points|Indonesia|top_brand_current_documented,
STD_TBG003_2022,data/source_native/top_brand_targeted_observations.csv,TBG003,3,value_2022,AU004,SRC_TBA_004,Top Brand,Frontier / Top Brand Award,https://www.topbrand-award.com/komparasi_brand/bandingkan?id_award=1&id_kategori=2&id_subkategori=30,2026-08-20,,2022,2022,not_exposed_on_comparison_page,Indonesia,top_brand_historical_unverified,historical_not_verified,Indofood,Indofood,ICBP Noodles Division,strict_control,controlled,,,valid,Sarimi,Sarimi,indofood__sarimi,direct_brand_match,direct,Makanan dan Minuman,MIE INSTANT DALAM KEMASAN BAG,30,Food,Noodles,Bagged Instant Noodles,direct,TBI,2.6,,percent_index_points,observed,,exact_numeric,none,not_reported,comparable_with_caveat,CMP002,Same brand and source subcategory; historical methodology and survey-surface caveats remain.,TBI is source-native and is not market share.,yes,yes,no,primary_strict_control,yes,yes,yes,no,longitudinal_target,2022-2026,same source subcategory,captured_in_stage1_batch,,AU004|Sarimi|30|TBI|percent_index_points|Indonesia|top_brand_historical_unverified,indofood__sarimi|30|TBI|percent_index_points|Indonesia|top_brand_historical_unverified,
STD_TBG003_2023,data/source_native/top_brand_targeted_observations.csv,TBG003,3,value_2023,AU004,SRC_TBA_004,Top Brand,Frontier / Top Brand Award,https://www.topbrand-award.com/komparasi_brand/bandingkan?id_award=1&id_kategori=2&id_subkategori=30,2026-08-20,,2023,2023,not_exposed_on_comparison_page,Indonesia,top_brand_historical_unverified,historical_not_verified,Indofood,Indofood,ICBP Noodles Division,strict_control,controlled,,,valid,Sarimi,Sarimi,indofood__sarimi,direct_brand_match,direct,Makanan dan Minuman,MIE INSTANT DALAM KEMASAN BAG,30,Food,Noodles,Bagged Instant Noodles,direct,TBI,2.6,,percent_index_points,observed,,exact_numeric,none,not_reported,comparable_with_caveat,CMP002,Same brand and source subcategory; historical methodology and survey-surface caveats remain.,TBI is source-native and is not market share.,yes,yes,no,primary_strict_control,yes,yes,yes,no,longitudinal_target,2022-2026,same source subcategory,captured_in_stage1_batch,,AU004|Sarimi|30|TBI|percent_index_points|Indonesia|top_brand_historical_unverified,indofood__sarimi|30|TBI|percent_index_points|Indonesia|top_brand_historical_unverified,
STD_TBG003_2024,data/source_native/top_brand_targeted_observations.csv,TBG003,3,value_2024,AU004,SRC_TBA_004,Top Brand,Frontier / Top Brand Award,https://www.topbrand-award.com/komparasi_brand/bandingkan?id_award=1&id_kategori=2&id_subkategori=30,2026-08-20,,2024,2024,not_exposed_on_comparison_page,Indonesia,top_brand_historical_unverified,historical_not_verified,Indofood,Indofood,ICBP Noodles Division,strict_control,controlled,,,valid,Sarimi,Sarimi,indofood__sarimi,direct_brand_match,direct,Makanan dan Minuman,MIE INSTANT DALAM KEMASAN BAG,30,Food,Noodles,Bagged Instant Noodles,direct,TBI,2.4,,percent_index_points,observed,,exact_numeric,none,not_reported,comparable_with_caveat,CMP002,Same brand and source subcategory; historical methodology and survey-surface caveats remain.,TBI is source-native and is not market share.,yes,yes,no,primary_strict_control,yes,yes,yes,no,longitudinal_target,2022-2026,same source subcategory,captured_in_stage1_batch,,AU004|Sarimi|30|TBI|percent_index_points|Indonesia|top_brand_historical_unverified,indofood__sarimi|30|TBI|percent_index_points|Indonesia|top_brand_historical_unverified,
STD_TBG003_2025,data/source_native/top_brand_targeted_observations.csv,TBG003,3,value_2025,AU004,SRC_TBA_004,Top Brand,Frontier / Top Brand Award,https://www.topbrand-award.com/komparasi_brand/bandingkan?id_award=1&id_kategori=2&id_subkategori=30,2026-08-20,,2025,2025,not_exposed_on_comparison_page,Indonesia,top_brand_historical_unverified,historical_not_verified,Indofood,Indofood,ICBP Noodles Division,strict_control,controlled,,,valid,Sarimi,Sarimi,indofood__sarimi,direct_brand_match,direct,Makanan dan Minuman,MIE INSTANT DALAM KEMASAN BAG,30,Food,Noodles,Bagged Instant Noodles,direct,TBI,2.8,,percent_index_points,observed,,exact_numeric,none,not_reported,comparable_with_caveat,CMP002,Same brand and source subcategory; historical methodology and survey-surface caveats remain.,TBI is source-native and is not market share.,yes,yes,no,primary_strict_control,yes,yes,yes,no,longitudinal_target,2022-2026,same source subcategory,captured_in_stage1_batch,,AU004|Sarimi|30|TBI|percent_index_points|Indonesia|top_brand_historical_unverified,indofood__sarimi|30|TBI|percent_index_points|Indonesia|top_brand_historical_unverified,
STD_TBG003_2026,data/source_native/top_brand_targeted_observations.csv,TBG003,3,value_2026,AU004,SRC_TBA_004,Top Brand,Frontier / Top Brand Award,https://www.topbrand-award.com/komparasi_brand/bandingkan?id_award=1&id_kategori=2&id_subkategori=30,2026-08-20,,2026,2026,not_exposed_on_comparison_page,Indonesia,top_brand_current_documented,documented,Indofood,Indofood,ICBP Noodles Division,strict_control,controlled,,,valid,Sarimi,Sarimi,indofood__sarimi,direct_brand_match,direct,Makanan dan Minuman,MIE INSTANT DALAM KEMASAN BAG,30,Food,Noodles,Bagged Instant Noodles,direct,TBI,3.4,,percent_index_points,observed,,exact_numeric,none,not_reported,comparable_with_caveat,CMP002,Same brand and source subcategory; historical methodology and survey-surface caveats remain.,TBI is source-native and is not market share.,yes,yes,no,primary_strict_control,yes,yes,yes,no,longitudinal_target,2022-2026,same source subcategory,captured_in_stage1_batch,,AU004|Sarimi|30|TBI|percent_index_points|Indonesia|top_brand_current_documented,indofood__sarimi|30|TBI|percent_index_points|Indonesia|top_brand_current_documented,
STD_TBG004_2022,data/source_native/top_brand_targeted_observations.csv,TBG004,4,value_2022,AU006,SRC_TBA_004,Top Brand,Frontier / Top Brand Award,https://www.topbrand-award.com/komparasi_brand/bandingkan?id_award=1&id_kategori=2&id_subkategori=31,2026-08-20,,2022,2022,not_exposed_on_comparison_page,Indonesia,top_brand_historical_unverified,historical_not_verified,Wings Group,Wings Group,Operating entity unresolved within Wings Group,strict_control,controlled_group_portfolio,,,valid,Mie Sedaap Cup,Sedaap,wings_group__sedaap,direct_brand_match,direct,Makanan dan Minuman,MIE INSTANT DALAM KEMASAN CUP,31,Food,Noodles,Cup Instant Noodles,direct,TBI,34.8,,percent_index_points,observed,,exact_numeric,none,not_reported,comparable_with_caveat,CMP002,Same brand and source subcategory; historical methodology and survey-surface caveats remain.,TBI is source-native and is not market share.,yes,yes,no,primary_strict_control,yes,yes,yes,no,longitudinal_target,2022-2026,same source subcategory,captured_in_stage1_batch,,AU006|Mie Sedaap Cup|31|TBI|percent_index_points|Indonesia|top_brand_historical_unverified,wings_group__sedaap|31|TBI|percent_index_points|Indonesia|top_brand_historical_unverified,
STD_TBG004_2023,data/source_native/top_brand_targeted_observations.csv,TBG004,4,value_2023,AU006,SRC_TBA_004,Top Brand,Frontier / Top Brand Award,https://www.topbrand-award.com/komparasi_brand/bandingkan?id_award=1&id_kategori=2&id_subkategori=31,2026-08-20,,2023,2023,not_exposed_on_comparison_page,Indonesia,top_brand_historical_unverified,historical_not_verified,Wings Group,Wings Group,Operating entity unresolved within Wings Group,strict_control,controlled_group_portfolio,,,valid,Mie Sedaap Cup,Sedaap,wings_group__sedaap,direct_brand_match,direct,Makanan dan Minuman,MIE INSTANT DALAM KEMASAN CUP,31,Food,Noodles,Cup Instant Noodles,direct,TBI,35.3,,percent_index_points,observed,,exact_numeric,none,not_reported,comparable_with_caveat,CMP002,Same brand and source subcategory; historical methodology and survey-surface caveats remain.,TBI is source-native and is not market share.,yes,yes,no,primary_strict_control,yes,yes,yes,no,longitudinal_target,2022-2026,same source subcategory,captured_in_stage1_batch,,AU006|Mie Sedaap Cup|31|TBI|percent_index_points|Indonesia|top_brand_historical_unverified,wings_group__sedaap|31|TBI|percent_index_points|Indonesia|top_brand_historical_unverified,
STD_TBG004_2024,data/source_native/top_brand_targeted_observations.csv,TBG004,4,value_2024,AU006,SRC_TBA_004,Top Brand,Frontier / Top Brand Award,https://www.topbrand-award.com/komparasi_brand/bandingkan?id_award=1&id_kategori=2&id_subkategori=31,2026-08-20,,2024,2024,not_exposed_on_comparison_page,Indonesia,top_brand_historical_unverified,historical_not_verified,Wings Group,Wings Group,Operating entity unresolved within Wings Group,strict_control,controlled_group_portfolio,,,valid,Mie Sedaap Cup,Sedaap,wings_group__sedaap,direct_brand_match,direct,Makanan dan Minuman,MIE INSTANT DALAM KEMASAN CUP,31,Food,Noodles,Cup Instant Noodles,direct,TBI,59.6,,percent_index_points,observed,,exact_numeric,none,not_reported,comparable_with_caveat,CMP002,Same brand and source subcategory; historical methodology and survey-surface caveats remain.,TBI is source-native and is not market share.,yes,yes,no,primary_strict_control,yes,yes,yes,no,longitudinal_target,2022-2026,same source subcategory,captured_in_stage1_batch,,AU006|Mie Sedaap Cup|31|TBI|percent_index_points|Indonesia|top_brand_historical_unverified,wings_group__sedaap|31|TBI|percent_index_points|Indonesia|top_brand_historical_unverified,
STD_TBG004_2025,data/source_native/top_brand_targeted_observations.csv,TBG004,4,value_2025,AU006,SRC_TBA_004,Top Brand,Frontier / Top Brand Award,https://www.topbrand-award.com/komparasi_brand/bandingkan?id_award=1&id_kategori=2&id_subkategori=31,2026-08-20,,2025,2025,not_exposed_on_comparison_page,Indonesia,top_brand_historical_unverified,historical_not_verified,Wings Group,Wings Group,Operating entity unresolved within Wings Group,strict_control,controlled_group_portfolio,,,valid,Mie Sedaap Cup,Sedaap,wings_group__sedaap,direct_brand_match,direct,Makanan dan Minuman,MIE INSTANT DALAM KEMASAN CUP,31,Food,Noodles,Cup Instant Noodles,direct,TBI,56.9,,percent_index_points,observed,,exact_numeric,none,not_reported,comparable_with_caveat,CMP002,Same brand and source subcategory; historical methodology and survey-surface caveats remain.,TBI is source-native and is not market share.,yes,yes,no,primary_strict_control,yes,yes,yes,no,longitudinal_target,2022-2026,same source subcategory,captured_in_stage1_batch,,AU006|Mie Sedaap Cup|31|TBI|percent_index_points|Indonesia|top_brand_historical_unverified,wings_group__sedaap|31|TBI|percent_index_points|Indonesia|top_brand_historical_unverified,
STD_TBG004_2026,data/source_native/top_brand_targeted_observations.csv,TBG004,4,value_2026,AU006,SRC_TBA_004,Top Brand,Frontier / Top Brand Award,https://www.topbrand-award.com/komparasi_brand/bandingkan?id_award=1&id_kategori=2&id_subkategori=31,2026-08-20,,2026,2026,not_exposed_on_comparison_page,Indonesia,top_brand_current_documented,documented,Wings Group,Wings Group,Operating entity unresolved within Wings Group,strict_control,controlled_group_portfolio,,,valid,Mie Sedaap Cup,Sedaap,wings_group__sedaap,direct_brand_match,direct,Makanan dan Minuman,MIE INSTANT DALAM KEMASAN CUP,31,Food,Noodles,Cup Instant Noodles,direct,TBI,60.3,,percent_index_points,observed,,exact_numeric,none,not_reported,comparable_with_caveat,CMP002,Same brand and source subcategory; historical methodology and survey-surface caveats remain.,TBI is source-native and is not market share.,yes,yes,no,primary_strict_control,yes,yes,yes,no,longitudinal_target,2022-2026,same source subcategory,captured_in_stage1_batch,,AU006|Mie Sedaap Cup|31|TBI|percent_index_points|Indonesia|top_brand_current_documented,wings_group__sedaap|31|TBI|percent_index_points|Indonesia|top_brand_current_documented,
STD_TBG005_2022,data/source_native/top_brand_targeted_observations.csv,TBG005,5,value_2022,AU007,SRC_TBA_004,Top Brand,Frontier / Top Brand Award,https://www.topbrand-award.com/komparasi_brand/bandingkan?id_award=1&id_kategori=2&id_subkategori=31,2026-08-20,,2022,2022,not_exposed_on_comparison_page,Indonesia,top_brand_historical_unverified,historical_not_verified,Indofood,Indofood,ICBP Noodles Division,strict_control,controlled,,,valid,POP MIE,Pop Mie,indofood__pop_mie,direct_brand_match,direct,Makanan dan Minuman,MIE INSTANT DALAM KEMASAN CUP,31,Food,Noodles,Cup Instant Noodles,direct,TBI,54.2,,percent_index_points,observed,,exact_numeric,none,not_reported,comparable_with_caveat,CMP002,Same brand and source subcategory; historical methodology and survey-surface caveats remain.,TBI is source-native and is not market share.,yes,yes,no,primary_strict_control,yes,yes,yes,no,longitudinal_target,2022-2026,same source subcategory,captured_in_stage1_batch,,AU007|POP MIE|31|TBI|percent_index_points|Indonesia|top_brand_historical_unverified,indofood__pop_mie|31|TBI|percent_index_points|Indonesia|top_brand_historical_unverified,
STD_TBG005_2023,data/source_native/top_brand_targeted_observations.csv,TBG005,5,value_2023,AU007,SRC_TBA_004,Top Brand,Frontier / Top Brand Award,https://www.topbrand-award.com/komparasi_brand/bandingkan?id_award=1&id_kategori=2&id_subkategori=31,2026-08-20,,2023,2023,not_exposed_on_comparison_page,Indonesia,top_brand_historical_unverified,historical_not_verified,Indofood,Indofood,ICBP Noodles Division,strict_control,controlled,,,valid,POP MIE,Pop Mie,indofood__pop_mie,direct_brand_match,direct,Makanan dan Minuman,MIE INSTANT DALAM KEMASAN CUP,31,Food,Noodles,Cup Instant Noodles,direct,TBI,56.1,,percent_index_points,observed,,exact_numeric,none,not_reported,comparable_with_caveat,CMP002,Same brand and source subcategory; historical methodology and survey-surface caveats remain.,TBI is source-native and is not market share.,yes,yes,no,primary_strict_control,yes,yes,yes,no,longitudinal_target,2022-2026,same source subcategory,captured_in_stage1_batch,,AU007|POP MIE|31|TBI|percent_index_points|Indonesia|top_brand_historical_unverified,indofood__pop_mie|31|TBI|percent_index_points|Indonesia|top_brand_historical_unverified,
STD_TBG005_2024,data/source_native/top_brand_targeted_observations.csv,TBG005,5,value_2024,AU007,SRC_TBA_004,Top Brand,Frontier / Top Brand Award,https://www.topbrand-award.com/komparasi_brand/bandingkan?id_award=1&id_kategori=2&id_subkategori=31,2026-08-20,,2024,2024,not_exposed_on_comparison_page,Indonesia,top_brand_historical_unverified,historical_not_verified,Indofood,Indofood,ICBP Noodles Division,strict_control,controlled,,,valid,POP MIE,Pop Mie,indofood__pop_mie,direct_brand_match,direct,Makanan dan Minuman,MIE INSTANT DALAM KEMASAN CUP,31,Food,Noodles,Cup Instant Noodles,direct,TBI,22.4,,percent_index_points,observed,,exact_numeric,none,not_reported,comparable_with_caveat,CMP002,Same brand and source subcategory; historical methodology and survey-surface caveats remain.,TBI is source-native and is not market share.,yes,yes,no,primary_strict_control,yes,yes,yes,no,longitudinal_target,2022-2026,same source subcategory,captured_in_stage1_batch,,AU007|POP MIE|31|TBI|percent_index_points|Indonesia|top_brand_historical_unverified,indofood__pop_mie|31|TBI|percent_index_points|Indonesia|top_brand_historical_unverified,
STD_TBG005_2025,data/source_native/top_brand_targeted_observations.csv,TBG005,5,value_2025,AU007,SRC_TBA_004,Top Brand,Frontier / Top Brand Award,https://www.topbrand-award.com/komparasi_brand/bandingkan?id_award=1&id_kategori=2&id_subkategori=31,2026-08-20,,2025,2025,not_exposed_on_comparison_page,Indonesia,top_brand_historical_unverified,historical_not_verified,Indofood,Indofood,ICBP Noodles Division,strict_control,controlled,,,valid,POP MIE,Pop Mie,indofood__pop_mie,direct_brand_match,direct,Makanan dan Minuman,MIE INSTANT DALAM KEMASAN CUP,31,Food,Noodles,Cup Instant Noodles,direct,TBI,24.4,,percent_index_points,observed,,exact_numeric,none,not_reported,comparable_with_caveat,CMP002,Same brand and source subcategory; historical methodology and survey-surface caveats remain.,TBI is source-native and is not market share.,yes,yes,no,primary_strict_control,yes,yes,yes,no,longitudinal_target,2022-2026,same source subcategory,captured_in_stage1_batch,,AU007|POP MIE|31|TBI|percent_index_points|Indonesia|top_brand_historical_unverified,indofood__pop_mie|31|TBI|percent_index_points|Indonesia|top_brand_historical_unverified,
STD_TBG005_2026,data/source_native/top_brand_targeted_observations.csv,TBG005,5,value_2026,AU007,SRC_TBA_004,Top Brand,Frontier / Top Brand Award,https://www.topbrand-award.com/komparasi_brand/bandingkan?id_award=1&id_kategori=2&id_subkategori=31,2026-08-20,,2026,2026,not_exposed_on_comparison_page,Indonesia,top_brand_current_documented,documented,Indofood,Indofood,ICBP Noodles Division,strict_control,controlled,,,valid,POP MIE,Pop Mie,indofood__pop_mie,direct_brand_match,direct,Makanan dan Minuman,MIE INSTANT DALAM KEMASAN CUP,31,Food,Noodles,Cup Instant Noodles,direct,TBI,17.8,,percent_index_points,observed,,exact_numeric,none,not_reported,comparable_with_caveat,CMP002,Same brand and source subcategory; historical methodology and survey-surface caveats remain.,TBI is source-native and is not market share.,yes,yes,no,primary_strict_control,yes,yes,yes,no,longitudinal_target,2022-2026,same source subcategory,captured_in_stage1_batch,,AU007|POP MIE|31|TBI|percent_index_points|Indonesia|top_brand_current_documented,indofood__pop_mie|31|TBI|percent_index_points|Indonesia|top_brand_current_documented,
STD_TBG006_2022,data/source_native/top_brand_targeted_observations.csv,TBG006,6,value_2022,AU008,SRC_TBA_004,Top Brand,Frontier / Top Brand Award,https://www.topbrand-award.com/komparasi_brand/bandingkan?id_award=1&id_kategori=2&id_subkategori=14,2026-08-20,,2022,2022,not_exposed_on_comparison_page,Indonesia,top_brand_historical_unverified,historical_not_verified,Wings Group,Wings Group,Operating entity unresolved within Wings Group,strict_control,controlled_group_portfolio,,,valid,Floridina,Floridina,wings_group__floridina,direct_brand_match,direct,Makanan dan Minuman,MINUMAN SARIBUAH DALAM KEMASAN SIAP MINUM,14,Beverages,Fruit Drinks,Ready-to-Drink Fruit Drinks,direct,TBI,14.8,,percent_index_points,observed,,exact_numeric,none,not_reported,comparable_with_caveat,CMP002,Same brand and source subcategory; historical methodology and survey-surface caveats remain.,TBI is source-native and is not market share.,yes,yes,no,primary_strict_control,yes,yes,yes,no,longitudinal_target,2022-2026,same source subcategory,captured_in_stage1_batch,,AU008|Floridina|14|TBI|percent_index_points|Indonesia|top_brand_historical_unverified,wings_group__floridina|14|TBI|percent_index_points|Indonesia|top_brand_historical_unverified,
STD_TBG006_2023,data/source_native/top_brand_targeted_observations.csv,TBG006,6,value_2023,AU008,SRC_TBA_004,Top Brand,Frontier / Top Brand Award,https://www.topbrand-award.com/komparasi_brand/bandingkan?id_award=1&id_kategori=2&id_subkategori=14,2026-08-20,,2023,2023,not_exposed_on_comparison_page,Indonesia,top_brand_historical_unverified,historical_not_verified,Wings Group,Wings Group,Operating entity unresolved within Wings Group,strict_control,controlled_group_portfolio,,,valid,Floridina,Floridina,wings_group__floridina,direct_brand_match,direct,Makanan dan Minuman,MINUMAN SARIBUAH DALAM KEMASAN SIAP MINUM,14,Beverages,Fruit Drinks,Ready-to-Drink Fruit Drinks,direct,TBI,16.2,,percent_index_points,observed,,exact_numeric,none,not_reported,comparable_with_caveat,CMP002,Same brand and source subcategory; historical methodology and survey-surface caveats remain.,TBI is source-native and is not market share.,yes,yes,no,primary_strict_control,yes,yes,yes,no,longitudinal_target,2022-2026,same source subcategory,captured_in_stage1_batch,,AU008|Floridina|14|TBI|percent_index_points|Indonesia|top_brand_historical_unverified,wings_group__floridina|14|TBI|percent_index_points|Indonesia|top_brand_historical_unverified,
STD_TBG006_2024,data/source_native/top_brand_targeted_observations.csv,TBG006,6,value_2024,AU008,SRC_TBA_004,Top Brand,Frontier / Top Brand Award,https://www.topbrand-award.com/komparasi_brand/bandingkan?id_award=1&id_kategori=2&id_subkategori=14,2026-08-20,,2024,2024,not_exposed_on_comparison_page,Indonesia,top_brand_historical_unverified,historical_not_verified,Wings Group,Wings Group,Operating entity unresolved within Wings Group,strict_control,controlled_group_portfolio,,,valid,Floridina,Floridina,wings_group__floridina,direct_brand_match,direct,Makanan dan Minuman,MINUMAN SARIBUAH DALAM KEMASAN SIAP MINUM,14,Beverages,Fruit Drinks,Ready-to-Drink Fruit Drinks,direct,TBI,14.8,,percent_index_points,observed,,exact_numeric,none,not_reported,comparable_with_caveat,CMP002,Same brand and source subcategory; historical methodology and survey-surface caveats remain.,TBI is source-native and is not market share.,yes,yes,no,primary_strict_control,yes,yes,yes,no,longitudinal_target,2022-2026,same source subcategory,captured_in_stage1_batch,,AU008|Floridina|14|TBI|percent_index_points|Indonesia|top_brand_historical_unverified,wings_group__floridina|14|TBI|percent_index_points|Indonesia|top_brand_historical_unverified,
STD_TBG006_2025,data/source_native/top_brand_targeted_observations.csv,TBG006,6,value_2025,AU008,SRC_TBA_004,Top Brand,Frontier / Top Brand Award,https://www.topbrand-award.com/komparasi_brand/bandingkan?id_award=1&id_kategori=2&id_subkategori=14,2026-08-20,,2025,2025,not_exposed_on_comparison_page,Indonesia,top_brand_historical_unverified,historical_not_verified,Wings Group,Wings Group,Operating entity unresolved within Wings Group,strict_control,controlled_group_portfolio,,,valid,Floridina,Floridina,wings_group__floridina,direct_brand_match,direct,Makanan dan Minuman,MINUMAN SARIBUAH DALAM KEMASAN SIAP MINUM,14,Beverages,Fruit Drinks,Ready-to-Drink Fruit Drinks,direct,TBI,16.6,,percent_index_points,observed,,exact_numeric,none,not_reported,comparable_with_caveat,CMP002,Same brand and source subcategory; historical methodology and survey-surface caveats remain.,TBI is source-native and is not market share.,yes,yes,no,primary_strict_control,yes,yes,yes,no,longitudinal_target,2022-2026,same source subcategory,captured_in_stage1_batch,,AU008|Floridina|14|TBI|percent_index_points|Indonesia|top_brand_historical_unverified,wings_group__floridina|14|TBI|percent_index_points|Indonesia|top_brand_historical_unverified,
STD_TBG006_2026,data/source_native/top_brand_targeted_observations.csv,TBG006,6,value_2026,AU008,SRC_TBA_004,Top Brand,Frontier / Top Brand Award,https://www.topbrand-award.com/komparasi_brand/bandingkan?id_award=1&id_kategori=2&id_subkategori=14,2026-08-20,,2026,2026,not_exposed_on_comparison_page,Indonesia,top_brand_current_documented,documented,Wings Group,Wings Group,Operating entity unresolved within Wings Group,strict_control,controlled_group_portfolio,,,valid,Floridina,Floridina,wings_group__floridina,direct_brand_match,direct,Makanan dan Minuman,MINUMAN SARIBUAH DALAM KEMASAN SIAP MINUM,14,Beverages,Fruit Drinks,Ready-to-Drink Fruit Drinks,direct,TBI,16.0,,percent_index_points,observed,,exact_numeric,none,not_reported,comparable_with_caveat,CMP002,Same brand and source subcategory; historical methodology and survey-surface caveats remain.,TBI is source-native and is not market share.,yes,yes,no,primary_strict_control,yes,yes,yes,no,longitudinal_target,2022-2026,same source subcategory,captured_in_stage1_batch,,AU008|Floridina|14|TBI|percent_index_points|Indonesia|top_brand_current_documented,wings_group__floridina|14|TBI|percent_index_points|Indonesia|top_brand_current_documented,
STD_TBG007_2022,data/source_native/top_brand_targeted_observations.csv,TBG007,7,value_2022,AU009,SRC_TBA_004,Top Brand,Frontier / Top Brand Award,https://www.topbrand-award.com/komparasi_brand/bandingkan?id_award=1&id_kategori=2&id_subkategori=14,2026-08-20,,2022,2022,not_exposed_on_comparison_page,Indonesia,top_brand_historical_unverified,historical_not_verified,Wings Group,Wings Group,Operating entity unresolved within Wings Group,strict_control,controlled_group_portfolio,,,valid,ale-ale,ALE-ALE,wings_group__ale_ale,direct_brand_match,direct,Makanan dan Minuman,MINUMAN SARIBUAH DALAM KEMASAN SIAP MINUM,14,Beverages,Fruit Drinks,Ready-to-Drink Fruit Drinks,direct,TBI,7.3,,percent_index_points,observed,,exact_numeric,none,not_reported,comparable_with_caveat,CMP002,Same brand and source subcategory; historical methodology and survey-surface caveats remain.,TBI is source-native and is not market share.,yes,yes,no,primary_strict_control,yes,yes,yes,no,longitudinal_target,2022-2026,same source subcategory,captured_in_stage1_batch,,AU009|ale-ale|14|TBI|percent_index_points|Indonesia|top_brand_historical_unverified,wings_group__ale_ale|14|TBI|percent_index_points|Indonesia|top_brand_historical_unverified,
STD_TBG007_2023,data/source_native/top_brand_targeted_observations.csv,TBG007,7,value_2023,AU009,SRC_TBA_004,Top Brand,Frontier / Top Brand Award,https://www.topbrand-award.com/komparasi_brand/bandingkan?id_award=1&id_kategori=2&id_subkategori=14,2026-08-20,,2023,2023,not_exposed_on_comparison_page,Indonesia,top_brand_historical_unverified,historical_not_verified,Wings Group,Wings Group,Operating entity unresolved within Wings Group,strict_control,controlled_group_portfolio,,,valid,ale-ale,ALE-ALE,wings_group__ale_ale,direct_brand_match,direct,Makanan dan Minuman,MINUMAN SARIBUAH DALAM KEMASAN SIAP MINUM,14,Beverages,Fruit Drinks,Ready-to-Drink Fruit Drinks,direct,TBI,5.2,,percent_index_points,observed,,exact_numeric,none,not_reported,comparable_with_caveat,CMP002,Same brand and source subcategory; historical methodology and survey-surface caveats remain.,TBI is source-native and is not market share.,yes,yes,no,primary_strict_control,yes,yes,yes,no,longitudinal_target,2022-2026,same source subcategory,captured_in_stage1_batch,,AU009|ale-ale|14|TBI|percent_index_points|Indonesia|top_brand_historical_unverified,wings_group__ale_ale|14|TBI|percent_index_points|Indonesia|top_brand_historical_unverified,
STD_TBG007_2024,data/source_native/top_brand_targeted_observations.csv,TBG007,7,value_2024,AU009,SRC_TBA_004,Top Brand,Frontier / Top Brand Award,https://www.topbrand-award.com/komparasi_brand/bandingkan?id_award=1&id_kategori=2&id_subkategori=14,2026-08-20,,2024,2024,not_exposed_on_comparison_page,Indonesia,top_brand_historical_unverified,historical_not_verified,Wings Group,Wings Group,Operating entity unresolved within Wings Group,strict_control,controlled_group_portfolio,,,valid,ale-ale,ALE-ALE,wings_group__ale_ale,direct_brand_match,direct,Makanan dan Minuman,MINUMAN SARIBUAH DALAM KEMASAN SIAP MINUM,14,Beverages,Fruit Drinks,Ready-to-Drink Fruit Drinks,direct,TBI,8.1,,percent_index_points,observed,,exact_numeric,none,not_reported,comparable_with_caveat,CMP002,Same brand and source subcategory; historical methodology and survey-surface caveats remain.,TBI is source-native and is not market share.,yes,yes,no,primary_strict_control,yes,yes,yes,no,longitudinal_target,2022-2026,same source subcategory,captured_in_stage1_batch,,AU009|ale-ale|14|TBI|percent_index_points|Indonesia|top_brand_historical_unverified,wings_group__ale_ale|14|TBI|percent_index_points|Indonesia|top_brand_historical_unverified,
STD_TBG007_2025,data/source_native/top_brand_targeted_observations.csv,TBG007,7,value_2025,AU009,SRC_TBA_004,Top Brand,Frontier / Top Brand Award,https://www.topbrand-award.com/komparasi_brand/bandingkan?id_award=1&id_kategori=2&id_subkategori=14,2026-08-20,,2025,2025,not_exposed_on_comparison_page,Indonesia,top_brand_historical_unverified,historical_not_verified,Wings Group,Wings Group,Operating entity unresolved within Wings Group,strict_control,controlled_group_portfolio,,,valid,ale-ale,ALE-ALE,wings_group__ale_ale,direct_brand_match,direct,Makanan dan Minuman,MINUMAN SARIBUAH DALAM KEMASAN SIAP MINUM,14,Beverages,Fruit Drinks,Ready-to-Drink Fruit Drinks,direct,TBI,7.4,,percent_index_points,observed,,exact_numeric,none,not_reported,comparable_with_caveat,CMP002,Same brand and source subcategory; historical methodology and survey-surface caveats remain.,TBI is source-native and is not market share.,yes,yes,no,primary_strict_control,yes,yes,yes,no,longitudinal_target,2022-2026,same source subcategory,captured_in_stage1_batch,,AU009|ale-ale|14|TBI|percent_index_points|Indonesia|top_brand_historical_unverified,wings_group__ale_ale|14|TBI|percent_index_points|Indonesia|top_brand_historical_unverified,
STD_TBG007_2026,data/source_native/top_brand_targeted_observations.csv,TBG007,7,value_2026,AU009,SRC_TBA_004,Top Brand,Frontier / Top Brand Award,https://www.topbrand-award.com/komparasi_brand/bandingkan?id_award=1&id_kategori=2&id_subkategori=14,2026-08-20,,2026,2026,not_exposed_on_comparison_page,Indonesia,top_brand_current_documented,documented,Wings Group,Wings Group,Operating entity unresolved within Wings Group,strict_control,controlled_group_portfolio,,,valid,ale-ale,ALE-ALE,wings_group__ale_ale,direct_brand_match,direct,Makanan dan Minuman,MINUMAN SARIBUAH DALAM KEMASAN SIAP MINUM,14,Beverages,Fruit Drinks,Ready-to-Drink Fruit Drinks,direct,TBI,11.4,,percent_index_points,observed,,exact_numeric,none,not_reported,comparable_with_caveat,CMP002,Same brand and source subcategory; historical methodology and survey-surface caveats remain.,TBI is source-native and is not market share.,yes,yes,no,primary_strict_control,yes,yes,yes,no,longitudinal_target,2022-2026,same source subcategory,captured_in_stage1_batch,,AU009|ale-ale|14|TBI|percent_index_points|Indonesia|top_brand_current_documented,wings_group__ale_ale|14|TBI|percent_index_points|Indonesia|top_brand_current_documented,
STD_TBG008_2022,data/source_native/top_brand_targeted_observations.csv,TBG008,8,value_2022,AU010,SRC_TBA_004,Top Brand,Frontier / Top Brand Award,https://www.topbrand-award.com/komparasi_brand/bandingkan?id_award=1&id_kategori=2&id_subkategori=14,2026-08-20,,2022,2022,not_exposed_on_comparison_page,Indonesia,top_brand_historical_unverified,historical_not_verified,Unilever Indonesia,Unilever Indonesia,PT Unilever Indonesia Tbk,strict_control,controlled,,,valid,Buavita,Buavita,unilever_indonesia__buavita,direct_brand_match,direct,Makanan dan Minuman,MINUMAN SARIBUAH DALAM KEMASAN SIAP MINUM,14,Beverages,Fruit Drinks,Ready-to-Drink Fruit Drinks,direct,TBI,34.9,,percent_index_points,observed,,exact_numeric,none,not_reported,comparable_with_caveat,CMP002,Same brand and source subcategory; historical methodology and survey-surface caveats remain.,TBI is source-native and is not market share.,yes,yes,no,primary_strict_control,yes,yes,yes,no,longitudinal_target,2022-2026,same source subcategory,captured_in_stage1_batch,,AU010|Buavita|14|TBI|percent_index_points|Indonesia|top_brand_historical_unverified,unilever_indonesia__buavita|14|TBI|percent_index_points|Indonesia|top_brand_historical_unverified,
STD_TBG008_2023,data/source_native/top_brand_targeted_observations.csv,TBG008,8,value_2023,AU010,SRC_TBA_004,Top Brand,Frontier / Top Brand Award,https://www.topbrand-award.com/komparasi_brand/bandingkan?id_award=1&id_kategori=2&id_subkategori=14,2026-08-20,,2023,2023,not_exposed_on_comparison_page,Indonesia,top_brand_historical_unverified,historical_not_verified,Unilever Indonesia,Unilever Indonesia,PT Unilever Indonesia Tbk,strict_control,controlled,,,valid,Buavita,Buavita,unilever_indonesia__buavita,direct_brand_match,direct,Makanan dan Minuman,MINUMAN SARIBUAH DALAM KEMASAN SIAP MINUM,14,Beverages,Fruit Drinks,Ready-to-Drink Fruit Drinks,direct,TBI,36.7,,percent_index_points,observed,,exact_numeric,none,not_reported,comparable_with_caveat,CMP002,Same brand and source subcategory; historical methodology and survey-surface caveats remain.,TBI is source-native and is not market share.,yes,yes,no,primary_strict_control,yes,yes,yes,no,longitudinal_target,2022-2026,same source subcategory,captured_in_stage1_batch,,AU010|Buavita|14|TBI|percent_index_points|Indonesia|top_brand_historical_unverified,unilever_indonesia__buavita|14|TBI|percent_index_points|Indonesia|top_brand_historical_unverified,
STD_TBG008_2024,data/source_native/top_brand_targeted_observations.csv,TBG008,8,value_2024,AU010,SRC_TBA_004,Top Brand,Frontier / Top Brand Award,https://www.topbrand-award.com/komparasi_brand/bandingkan?id_award=1&id_kategori=2&id_subkategori=14,2026-08-20,,2024,2024,not_exposed_on_comparison_page,Indonesia,top_brand_historical_unverified,historical_not_verified,Unilever Indonesia,Unilever Indonesia,PT Unilever Indonesia Tbk,strict_control,controlled,,,valid,Buavita,Buavita,unilever_indonesia__buavita,direct_brand_match,direct,Makanan dan Minuman,MINUMAN SARIBUAH DALAM KEMASAN SIAP MINUM,14,Beverages,Fruit Drinks,Ready-to-Drink Fruit Drinks,direct,TBI,42.2,,percent_index_points,observed,,exact_numeric,none,not_reported,comparable_with_caveat,CMP002,Same brand and source subcategory; historical methodology and survey-surface caveats remain.,TBI is source-native and is not market share.,yes,yes,no,primary_strict_control,yes,yes,yes,no,longitudinal_target,2022-2026,same source subcategory,captured_in_stage1_batch,,AU010|Buavita|14|TBI|percent_index_points|Indonesia|top_brand_historical_unverified,unilever_indonesia__buavita|14|TBI|percent_index_points|Indonesia|top_brand_historical_unverified,
STD_TBG008_2025,data/source_native/top_brand_targeted_observations.csv,TBG008,8,value_2025,AU010,SRC_TBA_004,Top Brand,Frontier / Top Brand Award,https://www.topbrand-award.com/komparasi_brand/bandingkan?id_award=1&id_kategori=2&id_subkategori=14,2026-08-20,,2025,2025,not_exposed_on_comparison_page,Indonesia,top_brand_historical_unverified,historical_not_verified,Unilever Indonesia,Unilever Indonesia,PT Unilever Indonesia Tbk,strict_control,controlled,,,valid,Buavita,Buavita,unilever_indonesia__buavita,direct_brand_match,direct,Makanan dan Minuman,MINUMAN SARIBUAH DALAM KEMASAN SIAP MINUM,14,Beverages,Fruit Drinks,Ready-to-Drink Fruit Drinks,direct,TBI,43.1,,percent_index_points,observed,,exact_numeric,none,not_reported,comparable_with_caveat,CMP002,Same brand and source subcategory; historical methodology and survey-surface caveats remain.,TBI is source-native and is not market share.,yes,yes,no,primary_strict_control,yes,yes,yes,no,longitudinal_target,2022-2026,same source subcategory,captured_in_stage1_batch,,AU010|Buavita|14|TBI|percent_index_points|Indonesia|top_brand_historical_unverified,unilever_indonesia__buavita|14|TBI|percent_index_points|Indonesia|top_brand_historical_unverified,
STD_TBG008_2026,data/source_native/top_brand_targeted_observations.csv,TBG008,8,value_2026,AU010,SRC_TBA_004,Top Brand,Frontier / Top Brand Award,https://www.topbrand-award.com/komparasi_brand/bandingkan?id_award=1&id_kategori=2&id_subkategori=14,2026-08-20,,2026,2026,not_exposed_on_comparison_page,Indonesia,top_brand_current_documented,documented,Unilever Indonesia,Unilever Indonesia,PT Unilever Indonesia Tbk,strict_control,controlled,,,valid,Buavita,Buavita,unilever_indonesia__buavita,direct_brand_match,direct,Makanan dan Minuman,MINUMAN SARIBUAH DALAM KEMASAN SIAP MINUM,14,Beverages,Fruit Drinks,Ready-to-Drink Fruit Drinks,direct,TBI,41.1,,percent_index_points,observed,,exact_numeric,none,not_reported,comparable_with_caveat,CMP002,Same brand and source subcategory; historical methodology and survey-surface caveats remain.,TBI is source-native and is not market share.,yes,yes,no,primary_strict_control,yes,yes,yes,no,longitudinal_target,2022-2026,same source subcategory,captured_in_stage1_batch,,AU010|Buavita|14|TBI|percent_index_points|Indonesia|top_brand_current_documented,unilever_indonesia__buavita|14|TBI|percent_index_points|Indonesia|top_brand_current_documented,
STD_TBG009_2022,data/source_native/top_brand_targeted_observations.csv,TBG009,9,value_2022,AU011,SRC_TBA_004,Top Brand,Frontier / Top Brand Award,https://www.topbrand-award.com/komparasi_brand/bandingkan?id_award=1&id_kategori=2&id_subkategori=8,2026-08-20,,2022,2022,not_exposed_on_comparison_page,Indonesia,top_brand_historical_unverified,historical_not_verified,Indofood,Indofood,Operating entity unresolved,strict_control,unclear,,,unresolved,Indocafe,Indocafe,indofood__indocafe,direct_brand_match,direct,Makanan dan Minuman,KOPI BUBUK INSTANT,8,Beverages,Coffee,Instant Coffee,direct,TBI,16.2,,percent_index_points,observed,,exact_numeric,none,not_reported,comparable_with_caveat,CMP002,Same brand and source subcategory; historical methodology and survey-surface caveats remain.,TBI is source-native and is not market share.,no,no,no,context_or_pending,yes,no,no,no,longitudinal_target,2022-2026,same source subcategory,captured_in_stage1_batch,,AU011|Indocafe|8|TBI|percent_index_points|Indonesia|top_brand_historical_unverified,indofood__indocafe|8|TBI|percent_index_points|Indonesia|top_brand_historical_unverified,relationship_type_not_verified_for_primary_analysis
STD_TBG009_2023,data/source_native/top_brand_targeted_observations.csv,TBG009,9,value_2023,AU011,SRC_TBA_004,Top Brand,Frontier / Top Brand Award,https://www.topbrand-award.com/komparasi_brand/bandingkan?id_award=1&id_kategori=2&id_subkategori=8,2026-08-20,,2023,2023,not_exposed_on_comparison_page,Indonesia,top_brand_historical_unverified,historical_not_verified,Indofood,Indofood,Operating entity unresolved,strict_control,unclear,,,unresolved,Indocafe,Indocafe,indofood__indocafe,direct_brand_match,direct,Makanan dan Minuman,KOPI BUBUK INSTANT,8,Beverages,Coffee,Instant Coffee,direct,TBI,19.9,,percent_index_points,observed,,exact_numeric,none,not_reported,comparable_with_caveat,CMP002,Same brand and source subcategory; historical methodology and survey-surface caveats remain.,TBI is source-native and is not market share.,no,no,no,context_or_pending,yes,no,no,no,longitudinal_target,2022-2026,same source subcategory,captured_in_stage1_batch,,AU011|Indocafe|8|TBI|percent_index_points|Indonesia|top_brand_historical_unverified,indofood__indocafe|8|TBI|percent_index_points|Indonesia|top_brand_historical_unverified,relationship_type_not_verified_for_primary_analysis
STD_TBG009_2024,data/source_native/top_brand_targeted_observations.csv,TBG009,9,value_2024,AU011,SRC_TBA_004,Top Brand,Frontier / Top Brand Award,https://www.topbrand-award.com/komparasi_brand/bandingkan?id_award=1&id_kategori=2&id_subkategori=8,2026-08-20,,2024,2024,not_exposed_on_comparison_page,Indonesia,top_brand_historical_unverified,historical_not_verified,Indofood,Indofood,Operating entity unresolved,strict_control,unclear,,,unresolved,Indocafe,Indocafe,indofood__indocafe,direct_brand_match,direct,Makanan dan Minuman,KOPI BUBUK INSTANT,8,Beverages,Coffee,Instant Coffee,direct,TBI,19.3,,percent_index_points,observed,,exact_numeric,none,not_reported,comparable_with_caveat,CMP002,Same brand and source subcategory; historical methodology and survey-surface caveats remain.,TBI is source-native and is not market share.,no,no,no,context_or_pending,yes,no,no,no,longitudinal_target,2022-2026,same source subcategory,captured_in_stage1_batch,,AU011|Indocafe|8|TBI|percent_index_points|Indonesia|top_brand_historical_unverified,indofood__indocafe|8|TBI|percent_index_points|Indonesia|top_brand_historical_unverified,relationship_type_not_verified_for_primary_analysis
STD_TBG009_2025,data/source_native/top_brand_targeted_observations.csv,TBG009,9,value_2025,AU011,SRC_TBA_004,Top Brand,Frontier / Top Brand Award,https://www.topbrand-award.com/komparasi_brand/bandingkan?id_award=1&id_kategori=2&id_subkategori=8,2026-08-20,,2025,2025,not_exposed_on_comparison_page,Indonesia,top_brand_historical_unverified,historical_not_verified,Indofood,Indofood,Operating entity unresolved,strict_control,unclear,,,unresolved,Indocafe,Indocafe,indofood__indocafe,direct_brand_match,direct,Makanan dan Minuman,KOPI BUBUK INSTANT,8,Beverages,Coffee,Instant Coffee,direct,TBI,19.7,,percent_index_points,observed,,exact_numeric,none,not_reported,comparable_with_caveat,CMP002,Same brand and source subcategory; historical methodology and survey-surface caveats remain.,TBI is source-native and is not market share.,no,no,no,context_or_pending,yes,no,no,no,longitudinal_target,2022-2026,same source subcategory,captured_in_stage1_batch,,AU011|Indocafe|8|TBI|percent_index_points|Indonesia|top_brand_historical_unverified,indofood__indocafe|8|TBI|percent_index_points|Indonesia|top_brand_historical_unverified,relationship_type_not_verified_for_primary_analysis
STD_TBG009_2026,data/source_native/top_brand_targeted_observations.csv,TBG009,9,value_2026,AU011,SRC_TBA_004,Top Brand,Frontier / Top Brand Award,https://www.topbrand-award.com/komparasi_brand/bandingkan?id_award=1&id_kategori=2&id_subkategori=8,2026-08-20,,2026,2026,not_exposed_on_comparison_page,Indonesia,top_brand_current_documented,documented,Indofood,Indofood,Operating entity unresolved,strict_control,unclear,,,unresolved,Indocafe,Indocafe,indofood__indocafe,direct_brand_match,direct,Makanan dan Minuman,KOPI BUBUK INSTANT,8,Beverages,Coffee,Instant Coffee,direct,TBI,22.4,,percent_index_points,observed,,exact_numeric,none,not_reported,comparable_with_caveat,CMP002,Same brand and source subcategory; historical methodology and survey-surface caveats remain.,TBI is source-native and is not market share.,no,no,no,context_or_pending,yes,no,no,no,longitudinal_target,2022-2026,same source subcategory,captured_in_stage1_batch,,AU011|Indocafe|8|TBI|percent_index_points|Indonesia|top_brand_current_documented,indofood__indocafe|8|TBI|percent_index_points|Indonesia|top_brand_current_documented,relationship_type_not_verified_for_primary_analysis
STD_TBG010_2022,data/source_native/top_brand_targeted_observations.csv,TBG010,10,value_2022,AU012,SRC_TBA_004,Top Brand,Frontier / Top Brand Award,https://www.topbrand-award.com/komparasi_brand/bandingkan?id_award=1&id_kategori=2&id_subkategori=8,2026-08-20,,2022,2022,not_exposed_on_comparison_page,Indonesia,top_brand_historical_unverified,historical_not_verified,Mayora,Mayora,PT Torabika Eka Semesta,strict_control,controlled,,,valid,TORABIKA,Torabika,mayora__torabika,direct_brand_match,direct,Makanan dan Minuman,KOPI BUBUK INSTANT,8,Beverages,Coffee,Instant Coffee,direct,TBI,,,percent_index_points,not_available,No value is exposed in the source-native comparison row for this year.,unavailable,not_applicable,not_applicable,not_comparable,CMP004,The source-native year cell is unavailable and is retained without imputation.,Blank values preserve unavailable observations; they are not zeros.,yes,yes,no,primary_strict_control,no,no,no,no,longitudinal_with_missing,2022-2026,same source subcategory; 2022-2023 unavailable on comparison surface,captured_in_stage1_batch,,AU012|TORABIKA|8|TBI|percent_index_points|Indonesia|top_brand_historical_unverified,mayora__torabika|8|TBI|percent_index_points|Indonesia|top_brand_historical_unverified,explicit_source_unavailability
STD_TBG010_2023,data/source_native/top_brand_targeted_observations.csv,TBG010,10,value_2023,AU012,SRC_TBA_004,Top Brand,Frontier / Top Brand Award,https://www.topbrand-award.com/komparasi_brand/bandingkan?id_award=1&id_kategori=2&id_subkategori=8,2026-08-20,,2023,2023,not_exposed_on_comparison_page,Indonesia,top_brand_historical_unverified,historical_not_verified,Mayora,Mayora,PT Torabika Eka Semesta,strict_control,controlled,,,valid,TORABIKA,Torabika,mayora__torabika,direct_brand_match,direct,Makanan dan Minuman,KOPI BUBUK INSTANT,8,Beverages,Coffee,Instant Coffee,direct,TBI,,,percent_index_points,not_available,No value is exposed in the source-native comparison row for this year.,unavailable,not_applicable,not_applicable,not_comparable,CMP004,The source-native year cell is unavailable and is retained without imputation.,Blank values preserve unavailable observations; they are not zeros.,yes,yes,no,primary_strict_control,no,no,no,no,longitudinal_with_missing,2022-2026,same source subcategory; 2022-2023 unavailable on comparison surface,captured_in_stage1_batch,,AU012|TORABIKA|8|TBI|percent_index_points|Indonesia|top_brand_historical_unverified,mayora__torabika|8|TBI|percent_index_points|Indonesia|top_brand_historical_unverified,explicit_source_unavailability
STD_TBG010_2024,data/source_native/top_brand_targeted_observations.csv,TBG010,10,value_2024,AU012,SRC_TBA_004,Top Brand,Frontier / Top Brand Award,https://www.topbrand-award.com/komparasi_brand/bandingkan?id_award=1&id_kategori=2&id_subkategori=8,2026-08-20,,2024,2024,not_exposed_on_comparison_page,Indonesia,top_brand_historical_unverified,historical_not_verified,Mayora,Mayora,PT Torabika Eka Semesta,strict_control,controlled,,,valid,TORABIKA,Torabika,mayora__torabika,direct_brand_match,direct,Makanan dan Minuman,KOPI BUBUK INSTANT,8,Beverages,Coffee,Instant Coffee,direct,TBI,4.1,,percent_index_points,observed,,exact_numeric,none,not_reported,comparable_with_caveat,CMP002,Same brand and source subcategory; historical methodology and survey-surface caveats remain.,Blank values preserve unavailable observations; they are not zeros.,yes,yes,no,primary_strict_control,yes,yes,yes,no,longitudinal_with_missing,2022-2026,same source subcategory; 2022-2023 unavailable on comparison surface,captured_in_stage1_batch,,AU012|TORABIKA|8|TBI|percent_index_points|Indonesia|top_brand_historical_unverified,mayora__torabika|8|TBI|percent_index_points|Indonesia|top_brand_historical_unverified,
STD_TBG010_2025,data/source_native/top_brand_targeted_observations.csv,TBG010,10,value_2025,AU012,SRC_TBA_004,Top Brand,Frontier / Top Brand Award,https://www.topbrand-award.com/komparasi_brand/bandingkan?id_award=1&id_kategori=2&id_subkategori=8,2026-08-20,,2025,2025,not_exposed_on_comparison_page,Indonesia,top_brand_historical_unverified,historical_not_verified,Mayora,Mayora,PT Torabika Eka Semesta,strict_control,controlled,,,valid,TORABIKA,Torabika,mayora__torabika,direct_brand_match,direct,Makanan dan Minuman,KOPI BUBUK INSTANT,8,Beverages,Coffee,Instant Coffee,direct,TBI,6.4,,percent_index_points,observed,,exact_numeric,none,not_reported,comparable_with_caveat,CMP002,Same brand and source subcategory; historical methodology and survey-surface caveats remain.,Blank values preserve unavailable observations; they are not zeros.,yes,yes,no,primary_strict_control,yes,yes,yes,no,longitudinal_with_missing,2022-2026,same source subcategory; 2022-2023 unavailable on comparison surface,captured_in_stage1_batch,,AU012|TORABIKA|8|TBI|percent_index_points|Indonesia|top_brand_historical_unverified,mayora__torabika|8|TBI|percent_index_points|Indonesia|top_brand_historical_unverified,
STD_TBG010_2026,data/source_native/top_brand_targeted_observations.csv,TBG010,10,value_2026,AU012,SRC_TBA_004,Top Brand,Frontier / Top Brand Award,https://www.topbrand-award.com/komparasi_brand/bandingkan?id_award=1&id_kategori=2&id_subkategori=8,2026-08-20,,2026,2026,not_exposed_on_comparison_page,Indonesia,top_brand_current_documented,documented,Mayora,Mayora,PT Torabika Eka Semesta,strict_control,controlled,,,valid,TORABIKA,Torabika,mayora__torabika,direct_brand_match,direct,Makanan dan Minuman,KOPI BUBUK INSTANT,8,Beverages,Coffee,Instant Coffee,direct,TBI,4.6,,percent_index_points,observed,,exact_numeric,none,not_reported,comparable_with_caveat,CMP002,Same brand and source subcategory; historical methodology and survey-surface caveats remain.,Blank values preserve unavailable observations; they are not zeros.,yes,yes,no,primary_strict_control,yes,yes,yes,no,longitudinal_with_missing,2022-2026,same source subcategory; 2022-2023 unavailable on comparison surface,captured_in_stage1_batch,,AU012|TORABIKA|8|TBI|percent_index_points|Indonesia|top_brand_current_documented,mayora__torabika|8|TBI|percent_index_points|Indonesia|top_brand_current_documented,
STD_TBG011_2022,data/source_native/top_brand_targeted_observations.csv,TBG011,11,value_2022,AU014,SRC_TBA_004,Top Brand,Frontier / Top Brand Award,https://www.topbrand-award.com/komparasi_brand/bandingkan?id_award=1&id_kategori=2&id_subkategori=10,2026-08-20,,2022,2022,not_exposed_on_comparison_page,Indonesia,top_brand_historical_unverified,historical_not_verified,Wings Group,Wings Group,Operating entity unresolved within Wings Group,strict_control,controlled_group_portfolio,,,valid,TOP White Coffee,TOP Coffee,wings_group__top_coffee,direct_brand_match,direct,Makanan dan Minuman,WHITE COFFEE,10,Beverages,Coffee,White Coffee,direct,TBI,3.6,,percent_index_points,observed,,exact_numeric,none,not_reported,comparable_with_caveat,CMP002,Same brand and source subcategory; historical methodology and survey-surface caveats remain.,TBI is source-native and is not market share.,yes,yes,no,primary_strict_control,yes,yes,yes,no,longitudinal_target,2022-2026,same source subcategory,captured_in_stage1_batch,,AU014|TOP White Coffee|10|TBI|percent_index_points|Indonesia|top_brand_historical_unverified,wings_group__top_coffee|10|TBI|percent_index_points|Indonesia|top_brand_historical_unverified,
STD_TBG011_2023,data/source_native/top_brand_targeted_observations.csv,TBG011,11,value_2023,AU014,SRC_TBA_004,Top Brand,Frontier / Top Brand Award,https://www.topbrand-award.com/komparasi_brand/bandingkan?id_award=1&id_kategori=2&id_subkategori=10,2026-08-20,,2023,2023,not_exposed_on_comparison_page,Indonesia,top_brand_historical_unverified,historical_not_verified,Wings Group,Wings Group,Operating entity unresolved within Wings Group,strict_control,controlled_group_portfolio,,,valid,TOP White Coffee,TOP Coffee,wings_group__top_coffee,direct_brand_match,direct,Makanan dan Minuman,WHITE COFFEE,10,Beverages,Coffee,White Coffee,direct,TBI,7.5,,percent_index_points,observed,,exact_numeric,none,not_reported,comparable_with_caveat,CMP002,Same brand and source subcategory; historical methodology and survey-surface caveats remain.,TBI is source-native and is not market share.,yes,yes,no,primary_strict_control,yes,yes,yes,no,longitudinal_target,2022-2026,same source subcategory,captured_in_stage1_batch,,AU014|TOP White Coffee|10|TBI|percent_index_points|Indonesia|top_brand_historical_unverified,wings_group__top_coffee|10|TBI|percent_index_points|Indonesia|top_brand_historical_unverified,
STD_TBG011_2024,data/source_native/top_brand_targeted_observations.csv,TBG011,11,value_2024,AU014,SRC_TBA_004,Top Brand,Frontier / Top Brand Award,https://www.topbrand-award.com/komparasi_brand/bandingkan?id_award=1&id_kategori=2&id_subkategori=10,2026-08-20,,2024,2024,not_exposed_on_comparison_page,Indonesia,top_brand_historical_unverified,historical_not_verified,Wings Group,Wings Group,Operating entity unresolved within Wings Group,strict_control,controlled_group_portfolio,,,valid,TOP White Coffee,TOP Coffee,wings_group__top_coffee,direct_brand_match,direct,Makanan dan Minuman,WHITE COFFEE,10,Beverages,Coffee,White Coffee,direct,TBI,10.9,,percent_index_points,observed,,exact_numeric,none,not_reported,comparable_with_caveat,CMP002,Same brand and source subcategory; historical methodology and survey-surface caveats remain.,TBI is source-native and is not market share.,yes,yes,no,primary_strict_control,yes,yes,yes,no,longitudinal_target,2022-2026,same source subcategory,captured_in_stage1_batch,,AU014|TOP White Coffee|10|TBI|percent_index_points|Indonesia|top_brand_historical_unverified,wings_group__top_coffee|10|TBI|percent_index_points|Indonesia|top_brand_historical_unverified,
STD_TBG011_2025,data/source_native/top_brand_targeted_observations.csv,TBG011,11,value_2025,AU014,SRC_TBA_004,Top Brand,Frontier / Top Brand Award,https://www.topbrand-award.com/komparasi_brand/bandingkan?id_award=1&id_kategori=2&id_subkategori=10,2026-08-20,,2025,2025,not_exposed_on_comparison_page,Indonesia,top_brand_historical_unverified,historical_not_verified,Wings Group,Wings Group,Operating entity unresolved within Wings Group,strict_control,controlled_group_portfolio,,,valid,TOP White Coffee,TOP Coffee,wings_group__top_coffee,direct_brand_match,direct,Makanan dan Minuman,WHITE COFFEE,10,Beverages,Coffee,White Coffee,direct,TBI,9.1,,percent_index_points,observed,,exact_numeric,none,not_reported,comparable_with_caveat,CMP002,Same brand and source subcategory; historical methodology and survey-surface caveats remain.,TBI is source-native and is not market share.,yes,yes,no,primary_strict_control,yes,yes,yes,no,longitudinal_target,2022-2026,same source subcategory,captured_in_stage1_batch,,AU014|TOP White Coffee|10|TBI|percent_index_points|Indonesia|top_brand_historical_unverified,wings_group__top_coffee|10|TBI|percent_index_points|Indonesia|top_brand_historical_unverified,
STD_TBG011_2026,data/source_native/top_brand_targeted_observations.csv,TBG011,11,value_2026,AU014,SRC_TBA_004,Top Brand,Frontier / Top Brand Award,https://www.topbrand-award.com/komparasi_brand/bandingkan?id_award=1&id_kategori=2&id_subkategori=10,2026-08-20,,2026,2026,not_exposed_on_comparison_page,Indonesia,top_brand_current_documented,documented,Wings Group,Wings Group,Operating entity unresolved within Wings Group,strict_control,controlled_group_portfolio,,,valid,TOP White Coffee,TOP Coffee,wings_group__top_coffee,direct_brand_match,direct,Makanan dan Minuman,WHITE COFFEE,10,Beverages,Coffee,White Coffee,direct,TBI,10.0,,percent_index_points,observed,,exact_numeric,none,not_reported,comparable_with_caveat,CMP002,Same brand and source subcategory; historical methodology and survey-surface caveats remain.,TBI is source-native and is not market share.,yes,yes,no,primary_strict_control,yes,yes,yes,no,longitudinal_target,2022-2026,same source subcategory,captured_in_stage1_batch,,AU014|TOP White Coffee|10|TBI|percent_index_points|Indonesia|top_brand_current_documented,wings_group__top_coffee|10|TBI|percent_index_points|Indonesia|top_brand_current_documented,
STD_TBG012_2022,data/source_native/top_brand_targeted_observations.csv,TBG012,12,value_2022,AU015,SRC_TBA_004,Top Brand,Frontier / Top Brand Award,https://www.topbrand-award.com/komparasi_brand/bandingkan?id_award=1&id_kategori=2&id_subkategori=10,2026-08-20,,2022,2022,not_exposed_on_comparison_page,Indonesia,top_brand_historical_unverified,historical_not_verified,Mayora,Mayora,PT Torabika Eka Semesta,strict_control,controlled,,,valid,KOPIKO L.A. White,Kopiko,mayora__kopiko,exact_source_label_category_bound,resolved_with_caveat,Makanan dan Minuman,WHITE COFFEE,10,Beverages,Coffee,White Coffee,direct,TBI,,,percent_index_points,not_available,No value is exposed in the source-native comparison row for this year.,unavailable,not_applicable,not_applicable,not_comparable,CMP004,The source-native year cell is unavailable and is retained without imputation.,Blank values preserve unavailable observations; exact source label is retained.,yes,yes,no,primary_strict_control,no,no,no,no,longitudinal_with_missing,2022-2026,exact comparison-surface brand label; 2022-2024 unavailable,captured_in_stage1_batch,,AU015|KOPIKO L.A. White|10|TBI|percent_index_points|Indonesia|top_brand_historical_unverified,mayora__kopiko|10|TBI|percent_index_points|Indonesia|top_brand_historical_unverified,explicit_source_unavailability
STD_TBG012_2023,data/source_native/top_brand_targeted_observations.csv,TBG012,12,value_2023,AU015,SRC_TBA_004,Top Brand,Frontier / Top Brand Award,https://www.topbrand-award.com/komparasi_brand/bandingkan?id_award=1&id_kategori=2&id_subkategori=10,2026-08-20,,2023,2023,not_exposed_on_comparison_page,Indonesia,top_brand_historical_unverified,historical_not_verified,Mayora,Mayora,PT Torabika Eka Semesta,strict_control,controlled,,,valid,KOPIKO L.A. White,Kopiko,mayora__kopiko,exact_source_label_category_bound,resolved_with_caveat,Makanan dan Minuman,WHITE COFFEE,10,Beverages,Coffee,White Coffee,direct,TBI,,,percent_index_points,not_available,No value is exposed in the source-native comparison row for this year.,unavailable,not_applicable,not_applicable,not_comparable,CMP004,The source-native year cell is unavailable and is retained without imputation.,Blank values preserve unavailable observations; exact source label is retained.,yes,yes,no,primary_strict_control,no,no,no,no,longitudinal_with_missing,2022-2026,exact comparison-surface brand label; 2022-2024 unavailable,captured_in_stage1_batch,,AU015|KOPIKO L.A. White|10|TBI|percent_index_points|Indonesia|top_brand_historical_unverified,mayora__kopiko|10|TBI|percent_index_points|Indonesia|top_brand_historical_unverified,explicit_source_unavailability
STD_TBG012_2024,data/source_native/top_brand_targeted_observations.csv,TBG012,12,value_2024,AU015,SRC_TBA_004,Top Brand,Frontier / Top Brand Award,https://www.topbrand-award.com/komparasi_brand/bandingkan?id_award=1&id_kategori=2&id_subkategori=10,2026-08-20,,2024,2024,not_exposed_on_comparison_page,Indonesia,top_brand_historical_unverified,historical_not_verified,Mayora,Mayora,PT Torabika Eka Semesta,strict_control,controlled,,,valid,KOPIKO L.A. White,Kopiko,mayora__kopiko,exact_source_label_category_bound,resolved_with_caveat,Makanan dan Minuman,WHITE COFFEE,10,Beverages,Coffee,White Coffee,direct,TBI,,,percent_index_points,not_available,No value is exposed in the source-native comparison row for this year.,unavailable,not_applicable,not_applicable,not_comparable,CMP004,The source-native year cell is unavailable and is retained without imputation.,Blank values preserve unavailable observations; exact source label is retained.,yes,yes,no,primary_strict_control,no,no,no,no,longitudinal_with_missing,2022-2026,exact comparison-surface brand label; 2022-2024 unavailable,captured_in_stage1_batch,,AU015|KOPIKO L.A. White|10|TBI|percent_index_points|Indonesia|top_brand_historical_unverified,mayora__kopiko|10|TBI|percent_index_points|Indonesia|top_brand_historical_unverified,explicit_source_unavailability
STD_TBG012_2025,data/source_native/top_brand_targeted_observations.csv,TBG012,12,value_2025,AU015,SRC_TBA_004,Top Brand,Frontier / Top Brand Award,https://www.topbrand-award.com/komparasi_brand/bandingkan?id_award=1&id_kategori=2&id_subkategori=10,2026-08-20,,2025,2025,not_exposed_on_comparison_page,Indonesia,top_brand_historical_unverified,historical_not_verified,Mayora,Mayora,PT Torabika Eka Semesta,strict_control,controlled,,,valid,KOPIKO L.A. White,Kopiko,mayora__kopiko,exact_source_label_category_bound,resolved_with_caveat,Makanan dan Minuman,WHITE COFFEE,10,Beverages,Coffee,White Coffee,direct,TBI,7.4,,percent_index_points,observed,,exact_numeric,none,not_reported,comparable_with_caveat,CMP002,Same brand and source subcategory; historical methodology and survey-surface caveats remain.,Blank values preserve unavailable observations; exact source label is retained.,yes,yes,no,primary_strict_control,yes,yes,yes,no,longitudinal_with_missing,2022-2026,exact comparison-surface brand label; 2022-2024 unavailable,captured_in_stage1_batch,,AU015|KOPIKO L.A. White|10|TBI|percent_index_points|Indonesia|top_brand_historical_unverified,mayora__kopiko|10|TBI|percent_index_points|Indonesia|top_brand_historical_unverified,
STD_TBG012_2026,data/source_native/top_brand_targeted_observations.csv,TBG012,12,value_2026,AU015,SRC_TBA_004,Top Brand,Frontier / Top Brand Award,https://www.topbrand-award.com/komparasi_brand/bandingkan?id_award=1&id_kategori=2&id_subkategori=10,2026-08-20,,2026,2026,not_exposed_on_comparison_page,Indonesia,top_brand_current_documented,documented,Mayora,Mayora,PT Torabika Eka Semesta,strict_control,controlled,,,valid,KOPIKO L.A. White,Kopiko,mayora__kopiko,exact_source_label_category_bound,resolved_with_caveat,Makanan dan Minuman,WHITE COFFEE,10,Beverages,Coffee,White Coffee,direct,TBI,6.0,,percent_index_points,observed,,exact_numeric,none,not_reported,comparable_with_caveat,CMP002,Same brand and source subcategory; historical methodology and survey-surface caveats remain.,Blank values preserve unavailable observations; exact source label is retained.,yes,yes,no,primary_strict_control,yes,yes,yes,no,longitudinal_with_missing,2022-2026,exact comparison-surface brand label; 2022-2024 unavailable,captured_in_stage1_batch,,AU015|KOPIKO L.A. White|10|TBI|percent_index_points|Indonesia|top_brand_current_documented,mayora__kopiko|10|TBI|percent_index_points|Indonesia|top_brand_current_documented,
STD_TBG013_2022,data/source_native/top_brand_targeted_observations.csv,TBG013,13,value_2022,AU016,SRC_TBA_004,Top Brand,Frontier / Top Brand Award,https://www.topbrand-award.com/komparasi_brand/bandingkan?id_award=1&id_kategori=2&id_subkategori=40,2026-08-20,,2022,2022,not_exposed_on_comparison_page,Indonesia,top_brand_historical_unverified,historical_not_verified,Wings Group,Wings Group,Operating entity unresolved within Wings Group,strict_control,controlled_group_portfolio,,,valid,Sedaap,Sedaap,wings_group__sedaap,direct_brand_match,direct,Makanan dan Minuman,KECAP MANIS,40,Food,Seasonings and Condiments,Sweet Soy Sauce,direct,TBI,4.4,,percent_index_points,observed,,exact_numeric,none,not_reported,comparable_with_caveat,CMP002,Same brand and source subcategory; historical methodology and survey-surface caveats remain.,TBI is source-native and is not market share.,yes,yes,no,primary_strict_control,yes,yes,yes,no,longitudinal_target,2022-2026,same source subcategory,captured_in_stage1_batch,,AU016|Sedaap|40|TBI|percent_index_points|Indonesia|top_brand_historical_unverified,wings_group__sedaap|40|TBI|percent_index_points|Indonesia|top_brand_historical_unverified,
STD_TBG013_2023,data/source_native/top_brand_targeted_observations.csv,TBG013,13,value_2023,AU016,SRC_TBA_004,Top Brand,Frontier / Top Brand Award,https://www.topbrand-award.com/komparasi_brand/bandingkan?id_award=1&id_kategori=2&id_subkategori=40,2026-08-20,,2023,2023,not_exposed_on_comparison_page,Indonesia,top_brand_historical_unverified,historical_not_verified,Wings Group,Wings Group,Operating entity unresolved within Wings Group,strict_control,controlled_group_portfolio,,,valid,Sedaap,Sedaap,wings_group__sedaap,direct_brand_match,direct,Makanan dan Minuman,KECAP MANIS,40,Food,Seasonings and Condiments,Sweet Soy Sauce,direct,TBI,5.7,,percent_index_points,observed,,exact_numeric,none,not_reported,comparable_with_caveat,CMP002,Same brand and source subcategory; historical methodology and survey-surface caveats remain.,TBI is source-native and is not market share.,yes,yes,no,primary_strict_control,yes,yes,yes,no,longitudinal_target,2022-2026,same source subcategory,captured_in_stage1_batch,,AU016|Sedaap|40|TBI|percent_index_points|Indonesia|top_brand_historical_unverified,wings_group__sedaap|40|TBI|percent_index_points|Indonesia|top_brand_historical_unverified,
STD_TBG013_2024,data/source_native/top_brand_targeted_observations.csv,TBG013,13,value_2024,AU016,SRC_TBA_004,Top Brand,Frontier / Top Brand Award,https://www.topbrand-award.com/komparasi_brand/bandingkan?id_award=1&id_kategori=2&id_subkategori=40,2026-08-20,,2024,2024,not_exposed_on_comparison_page,Indonesia,top_brand_historical_unverified,historical_not_verified,Wings Group,Wings Group,Operating entity unresolved within Wings Group,strict_control,controlled_group_portfolio,,,valid,Sedaap,Sedaap,wings_group__sedaap,direct_brand_match,direct,Makanan dan Minuman,KECAP MANIS,40,Food,Seasonings and Condiments,Sweet Soy Sauce,direct,TBI,5.6,,percent_index_points,observed,,exact_numeric,none,not_reported,comparable_with_caveat,CMP002,Same brand and source subcategory; historical methodology and survey-surface caveats remain.,TBI is source-native and is not market share.,yes,yes,no,primary_strict_control,yes,yes,yes,no,longitudinal_target,2022-2026,same source subcategory,captured_in_stage1_batch,,AU016|Sedaap|40|TBI|percent_index_points|Indonesia|top_brand_historical_unverified,wings_group__sedaap|40|TBI|percent_index_points|Indonesia|top_brand_historical_unverified,
STD_TBG013_2025,data/source_native/top_brand_targeted_observations.csv,TBG013,13,value_2025,AU016,SRC_TBA_004,Top Brand,Frontier / Top Brand Award,https://www.topbrand-award.com/komparasi_brand/bandingkan?id_award=1&id_kategori=2&id_subkategori=40,2026-08-20,,2025,2025,not_exposed_on_comparison_page,Indonesia,top_brand_historical_unverified,historical_not_verified,Wings Group,Wings Group,Operating entity unresolved within Wings Group,strict_control,controlled_group_portfolio,,,valid,Sedaap,Sedaap,wings_group__sedaap,direct_brand_match,direct,Makanan dan Minuman,KECAP MANIS,40,Food,Seasonings and Condiments,Sweet Soy Sauce,direct,TBI,3.1,,percent_index_points,observed,,exact_numeric,none,not_reported,comparable_with_caveat,CMP002,Same brand and source subcategory; historical methodology and survey-surface caveats remain.,TBI is source-native and is not market share.,yes,yes,no,primary_strict_control,yes,yes,yes,no,longitudinal_target,2022-2026,same source subcategory,captured_in_stage1_batch,,AU016|Sedaap|40|TBI|percent_index_points|Indonesia|top_brand_historical_unverified,wings_group__sedaap|40|TBI|percent_index_points|Indonesia|top_brand_historical_unverified,
STD_TBG013_2026,data/source_native/top_brand_targeted_observations.csv,TBG013,13,value_2026,AU016,SRC_TBA_004,Top Brand,Frontier / Top Brand Award,https://www.topbrand-award.com/komparasi_brand/bandingkan?id_award=1&id_kategori=2&id_subkategori=40,2026-08-20,,2026,2026,not_exposed_on_comparison_page,Indonesia,top_brand_current_documented,documented,Wings Group,Wings Group,Operating entity unresolved within Wings Group,strict_control,controlled_group_portfolio,,,valid,Sedaap,Sedaap,wings_group__sedaap,direct_brand_match,direct,Makanan dan Minuman,KECAP MANIS,40,Food,Seasonings and Condiments,Sweet Soy Sauce,direct,TBI,3.7,,percent_index_points,observed,,exact_numeric,none,not_reported,comparable_with_caveat,CMP002,Same brand and source subcategory; historical methodology and survey-surface caveats remain.,TBI is source-native and is not market share.,yes,yes,no,primary_strict_control,yes,yes,yes,no,longitudinal_target,2022-2026,same source subcategory,captured_in_stage1_batch,,AU016|Sedaap|40|TBI|percent_index_points|Indonesia|top_brand_current_documented,wings_group__sedaap|40|TBI|percent_index_points|Indonesia|top_brand_current_documented,
STD_TBG014_2022,data/source_native/top_brand_targeted_observations.csv,TBG014,14,value_2022,AU017,SRC_TBA_004,Top Brand,Frontier / Top Brand Award,https://www.topbrand-award.com/komparasi_brand/bandingkan?id_award=1&id_kategori=2&id_subkategori=40,2026-08-20,,2022,2022,not_exposed_on_comparison_page,Indonesia,top_brand_historical_unverified,historical_not_verified,Indofood,Indofood,ICBP Food Seasonings Division,strict_control,controlled,,,valid,Indofood,Indofood,indofood__indofood,direct_brand_match,direct,Makanan dan Minuman,KECAP MANIS,40,Food,Seasonings and Condiments,Sweet Soy Sauce,direct,TBI,3.2,,percent_index_points,observed,,exact_numeric,none,not_reported,comparable_with_caveat,CMP002,Same brand and source subcategory; historical methodology and survey-surface caveats remain.,TBI is source-native and is not market share.,yes,yes,no,primary_strict_control,yes,yes,yes,no,longitudinal_target,2022-2026,same source subcategory,captured_in_stage1_batch,,AU017|Indofood|40|TBI|percent_index_points|Indonesia|top_brand_historical_unverified,indofood__indofood|40|TBI|percent_index_points|Indonesia|top_brand_historical_unverified,
STD_TBG014_2023,data/source_native/top_brand_targeted_observations.csv,TBG014,14,value_2023,AU017,SRC_TBA_004,Top Brand,Frontier / Top Brand Award,https://www.topbrand-award.com/komparasi_brand/bandingkan?id_award=1&id_kategori=2&id_subkategori=40,2026-08-20,,2023,2023,not_exposed_on_comparison_page,Indonesia,top_brand_historical_unverified,historical_not_verified,Indofood,Indofood,ICBP Food Seasonings Division,strict_control,controlled,,,valid,Indofood,Indofood,indofood__indofood,direct_brand_match,direct,Makanan dan Minuman,KECAP MANIS,40,Food,Seasonings and Condiments,Sweet Soy Sauce,direct,TBI,5.5,,percent_index_points,observed,,exact_numeric,none,not_reported,comparable_with_caveat,CMP002,Same brand and source subcategory; historical methodology and survey-surface caveats remain.,TBI is source-native and is not market share.,yes,yes,no,primary_strict_control,yes,yes,yes,no,longitudinal_target,2022-2026,same source subcategory,captured_in_stage1_batch,,AU017|Indofood|40|TBI|percent_index_points|Indonesia|top_brand_historical_unverified,indofood__indofood|40|TBI|percent_index_points|Indonesia|top_brand_historical_unverified,
STD_TBG014_2024,data/source_native/top_brand_targeted_observations.csv,TBG014,14,value_2024,AU017,SRC_TBA_004,Top Brand,Frontier / Top Brand Award,https://www.topbrand-award.com/komparasi_brand/bandingkan?id_award=1&id_kategori=2&id_subkategori=40,2026-08-20,,2024,2024,not_exposed_on_comparison_page,Indonesia,top_brand_historical_unverified,historical_not_verified,Indofood,Indofood,ICBP Food Seasonings Division,strict_control,controlled,,,valid,Indofood,Indofood,indofood__indofood,direct_brand_match,direct,Makanan dan Minuman,KECAP MANIS,40,Food,Seasonings and Condiments,Sweet Soy Sauce,direct,TBI,8.0,,percent_index_points,observed,,exact_numeric,none,not_reported,comparable_with_caveat,CMP002,Same brand and source subcategory; historical methodology and survey-surface caveats remain.,TBI is source-native and is not market share.,yes,yes,no,primary_strict_control,yes,yes,yes,no,longitudinal_target,2022-2026,same source subcategory,captured_in_stage1_batch,,AU017|Indofood|40|TBI|percent_index_points|Indonesia|top_brand_historical_unverified,indofood__indofood|40|TBI|percent_index_points|Indonesia|top_brand_historical_unverified,
STD_TBG014_2025,data/source_native/top_brand_targeted_observations.csv,TBG014,14,value_2025,AU017,SRC_TBA_004,Top Brand,Frontier / Top Brand Award,https://www.topbrand-award.com/komparasi_brand/bandingkan?id_award=1&id_kategori=2&id_subkategori=40,2026-08-20,,2025,2025,not_exposed_on_comparison_page,Indonesia,top_brand_historical_unverified,historical_not_verified,Indofood,Indofood,ICBP Food Seasonings Division,strict_control,controlled,,,valid,Indofood,Indofood,indofood__indofood,direct_brand_match,direct,Makanan dan Minuman,KECAP MANIS,40,Food,Seasonings and Condiments,Sweet Soy Sauce,direct,TBI,5.4,,percent_index_points,observed,,exact_numeric,none,not_reported,comparable_with_caveat,CMP002,Same brand and source subcategory; historical methodology and survey-surface caveats remain.,TBI is source-native and is not market share.,yes,yes,no,primary_strict_control,yes,yes,yes,no,longitudinal_target,2022-2026,same source subcategory,captured_in_stage1_batch,,AU017|Indofood|40|TBI|percent_index_points|Indonesia|top_brand_historical_unverified,indofood__indofood|40|TBI|percent_index_points|Indonesia|top_brand_historical_unverified,
STD_TBG014_2026,data/source_native/top_brand_targeted_observations.csv,TBG014,14,value_2026,AU017,SRC_TBA_004,Top Brand,Frontier / Top Brand Award,https://www.topbrand-award.com/komparasi_brand/bandingkan?id_award=1&id_kategori=2&id_subkategori=40,2026-08-20,,2026,2026,not_exposed_on_comparison_page,Indonesia,top_brand_current_documented,documented,Indofood,Indofood,ICBP Food Seasonings Division,strict_control,controlled,,,valid,Indofood,Indofood,indofood__indofood,direct_brand_match,direct,Makanan dan Minuman,KECAP MANIS,40,Food,Seasonings and Condiments,Sweet Soy Sauce,direct,TBI,4.8,,percent_index_points,observed,,exact_numeric,none,not_reported,comparable_with_caveat,CMP002,Same brand and source subcategory; historical methodology and survey-surface caveats remain.,TBI is source-native and is not market share.,yes,yes,no,primary_strict_control,yes,yes,yes,no,longitudinal_target,2022-2026,same source subcategory,captured_in_stage1_batch,,AU017|Indofood|40|TBI|percent_index_points|Indonesia|top_brand_current_documented,indofood__indofood|40|TBI|percent_index_points|Indonesia|top_brand_current_documented,
STD_TBG015_2022,data/source_native/top_brand_targeted_observations.csv,TBG015,15,value_2022,AU018,SRC_TBA_004,Top Brand,Frontier / Top Brand Award,https://www.topbrand-award.com/komparasi_brand/bandingkan?brand1=ABC&brand2=Cap+Bango&brand3=Indofood&brand4=Sedaap&id_award=1&id_kategori=2&id_subkategori=40&tahun_akhir=2024&tahun_awal=2020,2026-08-20,,2022,2022,not_exposed_on_comparison_page,Indonesia,top_brand_historical_unverified,historical_not_verified,Unilever Indonesia,Unilever Indonesia,PT Unilever Indonesia Tbk,strict_control,controlled,,,valid,Cap Bango,Bango,unilever_indonesia__bango,canonical_family_match_with_source_label_change,resolved_with_caveat,Makanan dan Minuman,KECAP MANIS,40,Food,Seasonings and Condiments,Sweet Soy Sauce,direct,TBI,58.7,,percent_index_points,observed,,exact_numeric,none,not_reported,comparable_with_caveat,CMP002,Same brand and source subcategory; historical methodology and survey-surface caveats remain.,Historical source label retained; continuity with BANGO is flagged rather than silently normalized.,yes,yes,no,primary_strict_control,yes,yes,yes,no,longitudinal_alias_review,2022-2026,source label changes from Cap Bango to BANGO; preserve labels and flag continuity,captured_in_stage1_batch,,AU018|Cap Bango|40|TBI|percent_index_points|Indonesia|top_brand_historical_unverified,unilever_indonesia__bango|40|TBI|percent_index_points|Indonesia|top_brand_historical_unverified,
STD_TBG015_2023,data/source_native/top_brand_targeted_observations.csv,TBG015,15,value_2023,AU018,SRC_TBA_004,Top Brand,Frontier / Top Brand Award,https://www.topbrand-award.com/komparasi_brand/bandingkan?brand1=ABC&brand2=Cap+Bango&brand3=Indofood&brand4=Sedaap&id_award=1&id_kategori=2&id_subkategori=40&tahun_akhir=2024&tahun_awal=2020,2026-08-20,,2023,2023,not_exposed_on_comparison_page,Indonesia,top_brand_historical_unverified,historical_not_verified,Unilever Indonesia,Unilever Indonesia,PT Unilever Indonesia Tbk,strict_control,controlled,,,valid,Cap Bango,Bango,unilever_indonesia__bango,canonical_family_match_with_source_label_change,resolved_with_caveat,Makanan dan Minuman,KECAP MANIS,40,Food,Seasonings and Condiments,Sweet Soy Sauce,direct,TBI,54.3,,percent_index_points,observed,,exact_numeric,none,not_reported,comparable_with_caveat,CMP002,Same brand and source subcategory; historical methodology and survey-surface caveats remain.,Historical source label retained; continuity with BANGO is flagged rather than silently normalized.,yes,yes,no,primary_strict_control,yes,yes,yes,no,longitudinal_alias_review,2022-2026,source label changes from Cap Bango to BANGO; preserve labels and flag continuity,captured_in_stage1_batch,,AU018|Cap Bango|40|TBI|percent_index_points|Indonesia|top_brand_historical_unverified,unilever_indonesia__bango|40|TBI|percent_index_points|Indonesia|top_brand_historical_unverified,
STD_TBG015_2024,data/source_native/top_brand_targeted_observations.csv,TBG015,15,value_2024,AU018,SRC_TBA_004,Top Brand,Frontier / Top Brand Award,https://www.topbrand-award.com/komparasi_brand/bandingkan?brand1=ABC&brand2=Cap+Bango&brand3=Indofood&brand4=Sedaap&id_award=1&id_kategori=2&id_subkategori=40&tahun_akhir=2024&tahun_awal=2020,2026-08-20,,2024,2024,not_exposed_on_comparison_page,Indonesia,top_brand_historical_unverified,historical_not_verified,Unilever Indonesia,Unilever Indonesia,PT Unilever Indonesia Tbk,strict_control,controlled,,,valid,Cap Bango,Bango,unilever_indonesia__bango,canonical_family_match_with_source_label_change,resolved_with_caveat,Makanan dan Minuman,KECAP MANIS,40,Food,Seasonings and Condiments,Sweet Soy Sauce,direct,TBI,46.2,,percent_index_points,observed,,exact_numeric,none,not_reported,comparable_with_caveat,CMP002,Same brand and source subcategory; historical methodology and survey-surface caveats remain.,Historical source label retained; continuity with BANGO is flagged rather than silently normalized.,yes,yes,no,primary_strict_control,yes,yes,yes,no,longitudinal_alias_review,2022-2026,source label changes from Cap Bango to BANGO; preserve labels and flag continuity,captured_in_stage1_batch,,AU018|Cap Bango|40|TBI|percent_index_points|Indonesia|top_brand_historical_unverified,unilever_indonesia__bango|40|TBI|percent_index_points|Indonesia|top_brand_historical_unverified,
STD_TBG015_2025,data/source_native/top_brand_targeted_observations.csv,TBG015,15,value_2025,AU018,SRC_TBA_004,Top Brand,Frontier / Top Brand Award,https://www.topbrand-award.com/komparasi_brand/bandingkan?brand1=ABC&brand2=Cap+Bango&brand3=Indofood&brand4=Sedaap&id_award=1&id_kategori=2&id_subkategori=40&tahun_akhir=2024&tahun_awal=2020,2026-08-20,,2025,2025,not_exposed_on_comparison_page,Indonesia,top_brand_historical_unverified,historical_not_verified,Unilever Indonesia,Unilever Indonesia,PT Unilever Indonesia Tbk,strict_control,controlled,,,valid,Cap Bango,Bango,unilever_indonesia__bango,canonical_family_match_with_source_label_change,resolved_with_caveat,Makanan dan Minuman,KECAP MANIS,40,Food,Seasonings and Condiments,Sweet Soy Sauce,direct,TBI,,,percent_index_points,not_available,No value is exposed in the source-native comparison row for this year.,unavailable,not_applicable,not_applicable,not_comparable,CMP004,The source-native year cell is unavailable and is retained without imputation.,Historical source label retained; continuity with BANGO is flagged rather than silently normalized.,yes,yes,no,primary_strict_control,no,no,no,no,longitudinal_alias_review,2022-2026,source label changes from Cap Bango to BANGO; preserve labels and flag continuity,captured_in_stage1_batch,,AU018|Cap Bango|40|TBI|percent_index_points|Indonesia|top_brand_historical_unverified,unilever_indonesia__bango|40|TBI|percent_index_points|Indonesia|top_brand_historical_unverified,explicit_source_unavailability
STD_TBG015_2026,data/source_native/top_brand_targeted_observations.csv,TBG015,15,value_2026,AU018,SRC_TBA_004,Top Brand,Frontier / Top Brand Award,https://www.topbrand-award.com/komparasi_brand/bandingkan?brand1=ABC&brand2=Cap+Bango&brand3=Indofood&brand4=Sedaap&id_award=1&id_kategori=2&id_subkategori=40&tahun_akhir=2024&tahun_awal=2020,2026-08-20,,2026,2026,not_exposed_on_comparison_page,Indonesia,top_brand_current_documented,documented,Unilever Indonesia,Unilever Indonesia,PT Unilever Indonesia Tbk,strict_control,controlled,,,valid,Cap Bango,Bango,unilever_indonesia__bango,canonical_family_match_with_source_label_change,resolved_with_caveat,Makanan dan Minuman,KECAP MANIS,40,Food,Seasonings and Condiments,Sweet Soy Sauce,direct,TBI,,,percent_index_points,not_available,No value is exposed in the source-native comparison row for this year.,unavailable,not_applicable,not_applicable,not_comparable,CMP004,The source-native year cell is unavailable and is retained without imputation.,Historical source label retained; continuity with BANGO is flagged rather than silently normalized.,yes,yes,no,primary_strict_control,no,no,no,no,longitudinal_alias_review,2022-2026,source label changes from Cap Bango to BANGO; preserve labels and flag continuity,captured_in_stage1_batch,,AU018|Cap Bango|40|TBI|percent_index_points|Indonesia|top_brand_current_documented,unilever_indonesia__bango|40|TBI|percent_index_points|Indonesia|top_brand_current_documented,explicit_source_unavailability
STD_TBG016_2022,data/source_native/top_brand_targeted_observations.csv,TBG016,16,value_2022,AU018,SRC_TBA_004,Top Brand,Frontier / Top Brand Award,https://www.topbrand-award.com/komparasi_brand/bandingkan?id_award=1&id_kategori=2&id_subkategori=40,2026-08-20,,2022,2022,not_exposed_on_comparison_page,Indonesia,top_brand_historical_unverified,historical_not_verified,Unilever Indonesia,Unilever Indonesia,PT Unilever Indonesia Tbk,strict_control,controlled,,,valid,BANGO,Bango,unilever_indonesia__bango,canonical_family_match_with_source_label_change,resolved_with_caveat,Makanan dan Minuman,KECAP MANIS,40,Food,Seasonings and Condiments,Sweet Soy Sauce,direct,TBI,,,percent_index_points,not_available,No value is exposed in the source-native comparison row for this year.,unavailable,not_applicable,not_applicable,not_comparable,CMP004,The source-native year cell is unavailable and is retained without imputation.,Current source label retained; continuity with Cap Bango requires explicit validation in Stage 2.,yes,yes,no,primary_strict_control,no,no,no,no,longitudinal_alias_review,2022-2026,source label changes from Cap Bango to BANGO; preserve labels and flag continuity,captured_in_stage1_batch,,AU018|BANGO|40|TBI|percent_index_points|Indonesia|top_brand_historical_unverified,unilever_indonesia__bango|40|TBI|percent_index_points|Indonesia|top_brand_historical_unverified,explicit_source_unavailability
STD_TBG016_2023,data/source_native/top_brand_targeted_observations.csv,TBG016,16,value_2023,AU018,SRC_TBA_004,Top Brand,Frontier / Top Brand Award,https://www.topbrand-award.com/komparasi_brand/bandingkan?id_award=1&id_kategori=2&id_subkategori=40,2026-08-20,,2023,2023,not_exposed_on_comparison_page,Indonesia,top_brand_historical_unverified,historical_not_verified,Unilever Indonesia,Unilever Indonesia,PT Unilever Indonesia Tbk,strict_control,controlled,,,valid,BANGO,Bango,unilever_indonesia__bango,canonical_family_match_with_source_label_change,resolved_with_caveat,Makanan dan Minuman,KECAP MANIS,40,Food,Seasonings and Condiments,Sweet Soy Sauce,direct,TBI,,,percent_index_points,not_available,No value is exposed in the source-native comparison row for this year.,unavailable,not_applicable,not_applicable,not_comparable,CMP004,The source-native year cell is unavailable and is retained without imputation.,Current source label retained; continuity with Cap Bango requires explicit validation in Stage 2.,yes,yes,no,primary_strict_control,no,no,no,no,longitudinal_alias_review,2022-2026,source label changes from Cap Bango to BANGO; preserve labels and flag continuity,captured_in_stage1_batch,,AU018|BANGO|40|TBI|percent_index_points|Indonesia|top_brand_historical_unverified,unilever_indonesia__bango|40|TBI|percent_index_points|Indonesia|top_brand_historical_unverified,explicit_source_unavailability
STD_TBG016_2024,data/source_native/top_brand_targeted_observations.csv,TBG016,16,value_2024,AU018,SRC_TBA_004,Top Brand,Frontier / Top Brand Award,https://www.topbrand-award.com/komparasi_brand/bandingkan?id_award=1&id_kategori=2&id_subkategori=40,2026-08-20,,2024,2024,not_exposed_on_comparison_page,Indonesia,top_brand_historical_unverified,historical_not_verified,Unilever Indonesia,Unilever Indonesia,PT Unilever Indonesia Tbk,strict_control,controlled,,,valid,BANGO,Bango,unilever_indonesia__bango,canonical_family_match_with_source_label_change,resolved_with_caveat,Makanan dan Minuman,KECAP MANIS,40,Food,Seasonings and Condiments,Sweet Soy Sauce,direct,TBI,,,percent_index_points,not_available,No value is exposed in the source-native comparison row for this year.,unavailable,not_applicable,not_applicable,not_comparable,CMP004,The source-native year cell is unavailable and is retained without imputation.,Current source label retained; continuity with Cap Bango requires explicit validation in Stage 2.,yes,yes,no,primary_strict_control,no,no,no,no,longitudinal_alias_review,2022-2026,source label changes from Cap Bango to BANGO; preserve labels and flag continuity,captured_in_stage1_batch,,AU018|BANGO|40|TBI|percent_index_points|Indonesia|top_brand_historical_unverified,unilever_indonesia__bango|40|TBI|percent_index_points|Indonesia|top_brand_historical_unverified,explicit_source_unavailability
STD_TBG016_2025,data/source_native/top_brand_targeted_observations.csv,TBG016,16,value_2025,AU018,SRC_TBA_004,Top Brand,Frontier / Top Brand Award,https://www.topbrand-award.com/komparasi_brand/bandingkan?id_award=1&id_kategori=2&id_subkategori=40,2026-08-20,,2025,2025,not_exposed_on_comparison_page,Indonesia,top_brand_historical_unverified,historical_not_verified,Unilever Indonesia,Unilever Indonesia,PT Unilever Indonesia Tbk,strict_control,controlled,,,valid,BANGO,Bango,unilever_indonesia__bango,canonical_family_match_with_source_label_change,resolved_with_caveat,Makanan dan Minuman,KECAP MANIS,40,Food,Seasonings and Condiments,Sweet Soy Sauce,direct,TBI,51.2,,percent_index_points,observed,,exact_numeric,none,not_reported,comparable_with_caveat,CMP002,Same brand and source subcategory; historical methodology and survey-surface caveats remain.,Current source label retained; continuity with Cap Bango requires explicit validation in Stage 2.,yes,yes,no,primary_strict_control,yes,yes,yes,no,longitudinal_alias_review,2022-2026,source label changes from Cap Bango to BANGO; preserve labels and flag continuity,captured_in_stage1_batch,,AU018|BANGO|40|TBI|percent_index_points|Indonesia|top_brand_historical_unverified,unilever_indonesia__bango|40|TBI|percent_index_points|Indonesia|top_brand_historical_unverified,
STD_TBG016_2026,data/source_native/top_brand_targeted_observations.csv,TBG016,16,value_2026,AU018,SRC_TBA_004,Top Brand,Frontier / Top Brand Award,https://www.topbrand-award.com/komparasi_brand/bandingkan?id_award=1&id_kategori=2&id_subkategori=40,2026-08-20,,2026,2026,not_exposed_on_comparison_page,Indonesia,top_brand_current_documented,documented,Unilever Indonesia,Unilever Indonesia,PT Unilever Indonesia Tbk,strict_control,controlled,,,valid,BANGO,Bango,unilever_indonesia__bango,canonical_family_match_with_source_label_change,resolved_with_caveat,Makanan dan Minuman,KECAP MANIS,40,Food,Seasonings and Condiments,Sweet Soy Sauce,direct,TBI,52.7,,percent_index_points,observed,,exact_numeric,none,not_reported,comparable_with_caveat,CMP002,Same brand and source subcategory; historical methodology and survey-surface caveats remain.,Current source label retained; continuity with Cap Bango requires explicit validation in Stage 2.,yes,yes,no,primary_strict_control,yes,yes,yes,no,longitudinal_alias_review,2022-2026,source label changes from Cap Bango to BANGO; preserve labels and flag continuity,captured_in_stage1_batch,,AU018|BANGO|40|TBI|percent_index_points|Indonesia|top_brand_current_documented,unilever_indonesia__bango|40|TBI|percent_index_points|Indonesia|top_brand_current_documented,
STD_TBG017_2022,data/source_native/top_brand_targeted_observations.csv,TBG017,17,value_2022,AU019,SRC_TBA_004,Top Brand,Frontier / Top Brand Award,https://www.topbrand-award.com/komparasi_brand/bandingkan?id_award=1&id_kategori=1&id_subkategori=274,2026-08-20,,2022,2022,not_exposed_on_comparison_page,Indonesia,top_brand_historical_unverified,historical_not_verified,Wings Group,Wings Group,Operating entity unresolved within Wings Group,strict_control,controlled_group_portfolio,,,valid,NUVO,Nuvo,wings_group__nuvo,direct_brand_match,direct,Perawatan Pribadi,SABUN MANDI ANTISEPTIK,274,Personal Care,Bath and Body,Antiseptic Bath Soap,direct,TBI,9.9,,percent_index_points,observed,,exact_numeric,none,not_reported,comparable_with_caveat,CMP002,Same brand and source subcategory; historical methodology and survey-surface caveats remain.,TBI is source-native and is not market share.,yes,yes,no,primary_strict_control,yes,yes,yes,no,longitudinal_target,2022-2026,same source subcategory,captured_in_stage1_batch,,AU019|NUVO|274|TBI|percent_index_points|Indonesia|top_brand_historical_unverified,wings_group__nuvo|274|TBI|percent_index_points|Indonesia|top_brand_historical_unverified,
STD_TBG017_2023,data/source_native/top_brand_targeted_observations.csv,TBG017,17,value_2023,AU019,SRC_TBA_004,Top Brand,Frontier / Top Brand Award,https://www.topbrand-award.com/komparasi_brand/bandingkan?id_award=1&id_kategori=1&id_subkategori=274,2026-08-20,,2023,2023,not_exposed_on_comparison_page,Indonesia,top_brand_historical_unverified,historical_not_verified,Wings Group,Wings Group,Operating entity unresolved within Wings Group,strict_control,controlled_group_portfolio,,,valid,NUVO,Nuvo,wings_group__nuvo,direct_brand_match,direct,Perawatan Pribadi,SABUN MANDI ANTISEPTIK,274,Personal Care,Bath and Body,Antiseptic Bath Soap,direct,TBI,11.0,,percent_index_points,observed,,exact_numeric,none,not_reported,comparable_with_caveat,CMP002,Same brand and source subcategory; historical methodology and survey-surface caveats remain.,TBI is source-native and is not market share.,yes,yes,no,primary_strict_control,yes,yes,yes,no,longitudinal_target,2022-2026,same source subcategory,captured_in_stage1_batch,,AU019|NUVO|274|TBI|percent_index_points|Indonesia|top_brand_historical_unverified,wings_group__nuvo|274|TBI|percent_index_points|Indonesia|top_brand_historical_unverified,
STD_TBG017_2024,data/source_native/top_brand_targeted_observations.csv,TBG017,17,value_2024,AU019,SRC_TBA_004,Top Brand,Frontier / Top Brand Award,https://www.topbrand-award.com/komparasi_brand/bandingkan?id_award=1&id_kategori=1&id_subkategori=274,2026-08-20,,2024,2024,not_exposed_on_comparison_page,Indonesia,top_brand_historical_unverified,historical_not_verified,Wings Group,Wings Group,Operating entity unresolved within Wings Group,strict_control,controlled_group_portfolio,,,valid,NUVO,Nuvo,wings_group__nuvo,direct_brand_match,direct,Perawatan Pribadi,SABUN MANDI ANTISEPTIK,274,Personal Care,Bath and Body,Antiseptic Bath Soap,direct,TBI,7.1,,percent_index_points,observed,,exact_numeric,none,not_reported,comparable_with_caveat,CMP002,Same brand and source subcategory; historical methodology and survey-surface caveats remain.,TBI is source-native and is not market share.,yes,yes,no,primary_strict_control,yes,yes,yes,no,longitudinal_target,2022-2026,same source subcategory,captured_in_stage1_batch,,AU019|NUVO|274|TBI|percent_index_points|Indonesia|top_brand_historical_unverified,wings_group__nuvo|274|TBI|percent_index_points|Indonesia|top_brand_historical_unverified,
STD_TBG017_2025,data/source_native/top_brand_targeted_observations.csv,TBG017,17,value_2025,AU019,SRC_TBA_004,Top Brand,Frontier / Top Brand Award,https://www.topbrand-award.com/komparasi_brand/bandingkan?id_award=1&id_kategori=1&id_subkategori=274,2026-08-20,,2025,2025,not_exposed_on_comparison_page,Indonesia,top_brand_historical_unverified,historical_not_verified,Wings Group,Wings Group,Operating entity unresolved within Wings Group,strict_control,controlled_group_portfolio,,,valid,NUVO,Nuvo,wings_group__nuvo,direct_brand_match,direct,Perawatan Pribadi,SABUN MANDI ANTISEPTIK,274,Personal Care,Bath and Body,Antiseptic Bath Soap,direct,TBI,6.8,,percent_index_points,observed,,exact_numeric,none,not_reported,comparable_with_caveat,CMP002,Same brand and source subcategory; historical methodology and survey-surface caveats remain.,TBI is source-native and is not market share.,yes,yes,no,primary_strict_control,yes,yes,yes,no,longitudinal_target,2022-2026,same source subcategory,captured_in_stage1_batch,,AU019|NUVO|274|TBI|percent_index_points|Indonesia|top_brand_historical_unverified,wings_group__nuvo|274|TBI|percent_index_points|Indonesia|top_brand_historical_unverified,
STD_TBG017_2026,data/source_native/top_brand_targeted_observations.csv,TBG017,17,value_2026,AU019,SRC_TBA_004,Top Brand,Frontier / Top Brand Award,https://www.topbrand-award.com/komparasi_brand/bandingkan?id_award=1&id_kategori=1&id_subkategori=274,2026-08-20,,2026,2026,not_exposed_on_comparison_page,Indonesia,top_brand_current_documented,documented,Wings Group,Wings Group,Operating entity unresolved within Wings Group,strict_control,controlled_group_portfolio,,,valid,NUVO,Nuvo,wings_group__nuvo,direct_brand_match,direct,Perawatan Pribadi,SABUN MANDI ANTISEPTIK,274,Personal Care,Bath and Body,Antiseptic Bath Soap,direct,TBI,9.1,,percent_index_points,observed,,exact_numeric,none,not_reported,comparable_with_caveat,CMP002,Same brand and source subcategory; historical methodology and survey-surface caveats remain.,TBI is source-native and is not market share.,yes,yes,no,primary_strict_control,yes,yes,yes,no,longitudinal_target,2022-2026,same source subcategory,captured_in_stage1_batch,,AU019|NUVO|274|TBI|percent_index_points|Indonesia|top_brand_current_documented,wings_group__nuvo|274|TBI|percent_index_points|Indonesia|top_brand_current_documented,
STD_TBG018_2022,data/source_native/top_brand_targeted_observations.csv,TBG018,18,value_2022,AU020,SRC_TBA_004,Top Brand,Frontier / Top Brand Award,https://www.topbrand-award.com/komparasi_brand/bandingkan?id_award=1&id_kategori=1&id_subkategori=274,2026-08-20,,2022,2022,not_exposed_on_comparison_page,Indonesia,top_brand_historical_unverified,historical_not_verified,Unilever Indonesia,Unilever Indonesia,PT Unilever Indonesia Tbk,strict_control,controlled,,,valid,Lifebuoy,Lifebuoy,unilever_indonesia__lifebuoy,direct_brand_match,direct,Perawatan Pribadi,SABUN MANDI ANTISEPTIK,274,Personal Care,Bath and Body,Antiseptic Bath Soap,direct,TBI,40.0,,percent_index_points,observed,,exact_numeric,none,not_reported,comparable_with_caveat,CMP002,Same brand and source subcategory; historical methodology and survey-surface caveats remain.,TBI is source-native and is not market share.,yes,yes,no,primary_strict_control,yes,yes,yes,no,longitudinal_target,2022-2026,same source subcategory,captured_in_stage1_batch,,AU020|Lifebuoy|274|TBI|percent_index_points|Indonesia|top_brand_historical_unverified,unilever_indonesia__lifebuoy|274|TBI|percent_index_points|Indonesia|top_brand_historical_unverified,
STD_TBG018_2023,data/source_native/top_brand_targeted_observations.csv,TBG018,18,value_2023,AU020,SRC_TBA_004,Top Brand,Frontier / Top Brand Award,https://www.topbrand-award.com/komparasi_brand/bandingkan?id_award=1&id_kategori=1&id_subkategori=274,2026-08-20,,2023,2023,not_exposed_on_comparison_page,Indonesia,top_brand_historical_unverified,historical_not_verified,Unilever Indonesia,Unilever Indonesia,PT Unilever Indonesia Tbk,strict_control,controlled,,,valid,Lifebuoy,Lifebuoy,unilever_indonesia__lifebuoy,direct_brand_match,direct,Perawatan Pribadi,SABUN MANDI ANTISEPTIK,274,Personal Care,Bath and Body,Antiseptic Bath Soap,direct,TBI,38.7,,percent_index_points,observed,,exact_numeric,none,not_reported,comparable_with_caveat,CMP002,Same brand and source subcategory; historical methodology and survey-surface caveats remain.,TBI is source-native and is not market share.,yes,yes,no,primary_strict_control,yes,yes,yes,no,longitudinal_target,2022-2026,same source subcategory,captured_in_stage1_batch,,AU020|Lifebuoy|274|TBI|percent_index_points|Indonesia|top_brand_historical_unverified,unilever_indonesia__lifebuoy|274|TBI|percent_index_points|Indonesia|top_brand_historical_unverified,
STD_TBG018_2024,data/source_native/top_brand_targeted_observations.csv,TBG018,18,value_2024,AU020,SRC_TBA_004,Top Brand,Frontier / Top Brand Award,https://www.topbrand-award.com/komparasi_brand/bandingkan?id_award=1&id_kategori=1&id_subkategori=274,2026-08-20,,2024,2024,not_exposed_on_comparison_page,Indonesia,top_brand_historical_unverified,historical_not_verified,Unilever Indonesia,Unilever Indonesia,PT Unilever Indonesia Tbk,strict_control,controlled,,,valid,Lifebuoy,Lifebuoy,unilever_indonesia__lifebuoy,direct_brand_match,direct,Perawatan Pribadi,SABUN MANDI ANTISEPTIK,274,Personal Care,Bath and Body,Antiseptic Bath Soap,direct,TBI,32.8,,percent_index_points,observed,,exact_numeric,none,not_reported,comparable_with_caveat,CMP002,Same brand and source subcategory; historical methodology and survey-surface caveats remain.,TBI is source-native and is not market share.,yes,yes,no,primary_strict_control,yes,yes,yes,no,longitudinal_target,2022-2026,same source subcategory,captured_in_stage1_batch,,AU020|Lifebuoy|274|TBI|percent_index_points|Indonesia|top_brand_historical_unverified,unilever_indonesia__lifebuoy|274|TBI|percent_index_points|Indonesia|top_brand_historical_unverified,
STD_TBG018_2025,data/source_native/top_brand_targeted_observations.csv,TBG018,18,value_2025,AU020,SRC_TBA_004,Top Brand,Frontier / Top Brand Award,https://www.topbrand-award.com/komparasi_brand/bandingkan?id_award=1&id_kategori=1&id_subkategori=274,2026-08-20,,2025,2025,not_exposed_on_comparison_page,Indonesia,top_brand_historical_unverified,historical_not_verified,Unilever Indonesia,Unilever Indonesia,PT Unilever Indonesia Tbk,strict_control,controlled,,,valid,Lifebuoy,Lifebuoy,unilever_indonesia__lifebuoy,direct_brand_match,direct,Perawatan Pribadi,SABUN MANDI ANTISEPTIK,274,Personal Care,Bath and Body,Antiseptic Bath Soap,direct,TBI,38.2,,percent_index_points,observed,,exact_numeric,none,not_reported,comparable_with_caveat,CMP002,Same brand and source subcategory; historical methodology and survey-surface caveats remain.,TBI is source-native and is not market share.,yes,yes,no,primary_strict_control,yes,yes,yes,no,longitudinal_target,2022-2026,same source subcategory,captured_in_stage1_batch,,AU020|Lifebuoy|274|TBI|percent_index_points|Indonesia|top_brand_historical_unverified,unilever_indonesia__lifebuoy|274|TBI|percent_index_points|Indonesia|top_brand_historical_unverified,
STD_TBG018_2026,data/source_native/top_brand_targeted_observations.csv,TBG018,18,value_2026,AU020,SRC_TBA_004,Top Brand,Frontier / Top Brand Award,https://www.topbrand-award.com/komparasi_brand/bandingkan?id_award=1&id_kategori=1&id_subkategori=274,2026-08-20,,2026,2026,not_exposed_on_comparison_page,Indonesia,top_brand_current_documented,documented,Unilever Indonesia,Unilever Indonesia,PT Unilever Indonesia Tbk,strict_control,controlled,,,valid,Lifebuoy,Lifebuoy,unilever_indonesia__lifebuoy,direct_brand_match,direct,Perawatan Pribadi,SABUN MANDI ANTISEPTIK,274,Personal Care,Bath and Body,Antiseptic Bath Soap,direct,TBI,43.5,,percent_index_points,observed,,exact_numeric,none,not_reported,comparable_with_caveat,CMP002,Same brand and source subcategory; historical methodology and survey-surface caveats remain.,TBI is source-native and is not market share.,yes,yes,no,primary_strict_control,yes,yes,yes,no,longitudinal_target,2022-2026,same source subcategory,captured_in_stage1_batch,,AU020|Lifebuoy|274|TBI|percent_index_points|Indonesia|top_brand_current_documented,unilever_indonesia__lifebuoy|274|TBI|percent_index_points|Indonesia|top_brand_current_documented,
STD_BFP001,data/source_native/brand_footprint_public_facts.csv,BFP001,1,value,AU021,SRC_WPN_008,Brand Footprint,Worldpanel by Numerator,https://market.worldpanelbynumerator.com/id/News/Brand-Footprint-Indonesia-2021,2026-08-20,2021,2021,2020,,national_urban_rural,brand_footprint_national,documented,Indofood,Indofood,ICBP Noodles Division,strict_control,controlled,,,valid,Indomie,Indomie,indofood__indomie,direct_brand_match,direct,National urban+rural,public_summary_facts,,Food,Noodles,Instant Noodles,direct,brand_rank,1,,rank,observed,,ordinal_rank,none,not_reported,comparable_with_caveat,CMP005,Public summaries are not a complete redistributable ranking universe.,Public summary states Indomie remained consumers' first choice in Indonesia.,yes,yes,no,primary_strict_control,yes,no,no,no,limited_public_fact,2021 edition,public summary explicitly names focal brand,captured_in_stage1_batch,,AU021|Indomie||brand_rank|rank|national_urban_rural|brand_footprint_national,indofood__indomie||brand_rank|rank|national_urban_rural|brand_footprint_national,
STD_BFP002,data/source_native/brand_footprint_public_facts.csv,BFP002,2,value,AU022,SRC_WPN_008,Brand Footprint,Worldpanel by Numerator,https://market.worldpanelbynumerator.com/id/News/Brand-Footprint-Indonesia-2021,2026-08-20,2021,2021,2020,,national_urban_rural,brand_footprint_national,documented,Unilever Indonesia,Unilever Indonesia,PT Unilever Indonesia Tbk,strict_control,controlled,,,valid,Lifebuoy,Lifebuoy,unilever_indonesia__lifebuoy,direct_brand_match,direct,National urban+rural,public_summary_facts,,,,,requires_brand_level_mapping,brand_rank,8,,rank,observed,,ordinal_rank,none,not_reported,comparable_with_caveat,CMP005,Public summaries are not a complete redistributable ranking universe.,Public summary states Lifebuoy placed 8th in the top 20.,yes,yes,no,primary_strict_control,yes,no,no,no,limited_public_fact,2021 edition,public summary explicitly names focal brand,captured_in_stage1_batch,,AU022|Lifebuoy||brand_rank|rank|national_urban_rural|brand_footprint_national,unilever_indonesia__lifebuoy||brand_rank|rank|national_urban_rural|brand_footprint_national,
STD_BFP003,data/source_native/brand_footprint_public_facts.csv,BFP003,3,value,AU023,SRC_WPN_008,Brand Footprint,Worldpanel by Numerator,https://market.worldpanelbynumerator.com/id/News/Brand-Footprint-Indonesia-2021,2026-08-20,2021,2021,2020,,national_urban_rural,brand_footprint_national,documented,Indofood,Indofood,ICBP Food Seasonings Division,strict_control,controlled,,,valid,Indofood,Indofood,indofood__indofood,direct_brand_match,direct,National urban+rural,public_summary_facts,,Food,Seasonings and Condiments,Food Seasonings,direct,brand_rank,12,,rank,observed,,ordinal_rank,none,not_reported,comparable_with_caveat,CMP005,Public summaries are not a complete redistributable ranking universe.,Public summary states Indofood placed 12th in the top 20.,yes,yes,no,primary_strict_control,yes,no,no,no,limited_public_fact,2021 edition,public summary explicitly names focal brand,captured_in_stage1_batch,,AU023|Indofood||brand_rank|rank|national_urban_rural|brand_footprint_national,indofood__indofood||brand_rank|rank|national_urban_rural|brand_footprint_national,
STD_BFP004,data/source_native/brand_footprint_public_facts.csv,BFP004,4,value,AU024,SRC_WPN_008,Brand Footprint,Worldpanel by Numerator,https://market.worldpanelbynumerator.com/id/News/Brand-Footprint-Indonesia-2021,2026-08-20,2021,2021,2020,,national_urban_rural,brand_footprint_national,documented,Wings Group,Wings Group,Operating entity unresolved within Wings Group,strict_control,controlled_group_portfolio,,,valid,Ekonomi,Ekonomi,wings_group__ekonomi,family_level_match,resolved_with_caveat,National urban+rural,public_summary_facts,,,,,unresolved,growth_status,,one_of_fastest_growing_top_20_brands,text_status,observed,,qualitative_status,not_applicable,qualitative_caveat,context_only,CMP006,Preserve the qualitative statement without manufacturing a numeric value.,Public summary identifies Ekonomi as one of the fastest-growing brands in the top 20; no numeric growth value is reproduced.,yes,yes,no,primary_strict_control,yes,no,no,no,limited_public_fact,2021 edition,public summary explicitly names focal brand,captured_in_stage1_batch,,AU024|Ekonomi||growth_status|text_status|national_urban_rural|brand_footprint_national,wings_group__ekonomi||growth_status|text_status|national_urban_rural|brand_footprint_national,context_only_source_fact
STD_BFP005,data/source_native/brand_footprint_public_facts.csv,BFP005,5,value,AU025,SRC_WPN_008,Brand Footprint,Worldpanel by Numerator,https://market.worldpanelbynumerator.com/id/News/Brand-Footprint-Indonesia-2021,2026-08-20,2021,2021,2020,,national_urban_rural,brand_footprint_national,documented,Unilever Indonesia,Unilever Indonesia,PT Unilever Indonesia Tbk,strict_control,controlled,,,valid,Royco,Royco,unilever_indonesia__royco,direct_brand_match,direct,National urban+rural,public_summary_facts,,Food,General Foods,,resolved_with_caveat,selection_status,,selected_by_indonesian_consumers,text_status,observed,,qualitative_status,not_applicable,qualitative_caveat,context_only,CMP007,Selection wording is source-native context only.,Public summary names Royco among seasoning brands selected by Indonesian consumers during 2020; no rank or CRP value is inferred.,yes,yes,no,primary_strict_control,yes,no,no,no,limited_public_fact,2021 edition,public summary explicitly names focal brand,captured_in_stage1_batch,,AU025|Royco||selection_status|text_status|national_urban_rural|brand_footprint_national,unilever_indonesia__royco||selection_status|text_status|national_urban_rural|brand_footprint_national,context_only_source_fact
STD_BFP006,data/source_native/brand_footprint_public_facts.csv,BFP006,6,value,AU026,SRC_WPN_008,Brand Footprint,Worldpanel by Numerator,https://market.worldpanelbynumerator.com/id/News/Brand-Footprint-Indonesia-2021,2026-08-20,2021,2021,2020,,national_urban_rural,brand_footprint_national,documented,Unilever Indonesia,Unilever Indonesia,PT Unilever Indonesia Tbk,strict_control,controlled,,,valid,Bango,Bango,unilever_indonesia__bango,direct_brand_match,direct,National urban+rural,public_summary_facts,,Food,General Foods,,resolved_with_caveat,selection_status,,selected_by_indonesian_consumers,text_status,observed,,qualitative_status,not_applicable,qualitative_caveat,context_only,CMP007,Selection wording is source-native context only.,Public summary names Bango among seasoning brands selected by Indonesian consumers during 2020; no rank or CRP value is inferred.,yes,yes,no,primary_strict_control,yes,no,no,no,limited_public_fact,2021 edition,public summary explicitly names focal brand,captured_in_stage1_batch,,AU026|Bango||selection_status|text_status|national_urban_rural|brand_footprint_national,unilever_indonesia__bango||selection_status|text_status|national_urban_rural|brand_footprint_national,context_only_source_fact
STD_BFP007,data/source_native/brand_footprint_public_facts.csv,BFP007,7,value,AU027,SRC_WPN_001,Brand Footprint,Worldpanel by Numerator,https://market.worldpanelbynumerator.com/id/News/Indonesia-Brand-Footprint-2024,2026-08-20,2024,2024,study_edition_2024,,national_urban_rural,brand_footprint_national,documented,Wings Group,Wings Group,Operating entity unresolved within Wings Group,strict_control,controlled_group_portfolio,,,valid,Milku,MILKU,wings_group__milku,direct_brand_match,direct,National urban+rural,public_summary_facts,,,,,unresolved,household_reach_lower_bound,40,,percent_households,observed_lower_bound,,lower_bound,lower_bound,qualitative_caveat,context_only,CMP008,"A statement of more than 40% is stored as lower_bound=40, not exact 40%.","Public summary states Milku reached more than 40% of Indonesian households; stored as a lower-bound fact, not an exact 40% estimate.",yes,yes,no,primary_strict_control,yes,no,no,no,limited_public_fact,2024 edition,public summary explicitly names focal brand,captured_in_stage1_batch,,AU027|Milku||household_reach_lower_bound|percent_households|national_urban_rural|brand_footprint_national,wings_group__milku||household_reach_lower_bound|percent_households|national_urban_rural|brand_footprint_national,context_only_source_fact
STD_BFP008,data/source_native/brand_footprint_public_facts.csv,BFP008,8,value,AU027,SRC_WPN_001,Brand Footprint,Worldpanel by Numerator,https://market.worldpanelbynumerator.com/id/News/Indonesia-Brand-Footprint-2024,2026-08-20,2024,2024,study_edition_2024,,national_urban_rural,brand_footprint_national,documented,Wings Group,Wings Group,Operating entity unresolved within Wings Group,strict_control,controlled_group_portfolio,,,valid,Milku,MILKU,wings_group__milku,direct_brand_match,direct,National urban+rural,public_summary_facts,,,,,unresolved,top100_entry,1,,boolean,observed,,boolean_indicator,none,qualitative_caveat,context_only,CMP009,Public-summary omission is not a zero or negative result.,Public summary states Milku entered the top 100 Brand Footprint ranking.,yes,yes,no,primary_strict_control,yes,no,no,no,limited_public_fact,2024 edition,public summary explicitly names focal brand,captured_in_stage1_batch,,AU027|Milku||top100_entry|boolean|national_urban_rural|brand_footprint_national,wings_group__milku||top100_entry|boolean|national_urban_rural|brand_footprint_national,context_only_source_fact
STD_BFP009,data/source_native/brand_footprint_public_facts.csv,BFP009,9,value,AU028,SRC_WPN_001,Brand Footprint,Worldpanel by Numerator,https://market.worldpanelbynumerator.com/id/News/Indonesia-Brand-Footprint-2024,2026-08-20,2024,2024,study_edition_2024,,national_urban_rural,brand_footprint_national,documented,Mayora extended group,Mayora,PT Tirta Fresindo Jaya,extended_group_sensitivity_only,related_group_affiliate,,,valid_with_caveat,Le Minerale,Le Minerale,mayora__le_minerale,related_party_affiliate,sensitivity_only,National urban+rural,public_summary_facts,,Beverages,Packaged Water,,direct,rank_change,26,,positions,observed,,exact_numeric,none,qualitative_caveat,context_only,CMP010,Le Minerale is additionally restricted to extended-group sensitivity.,Public summary states Le Minerale rose 26 positions and entered the top 100; excluded from strict-control Mayora primary attribution.,no,no,yes,extended_group_sensitivity_only,yes,no,no,no,limited_public_fact,2024 edition,brand operator is a related-party affiliate,captured_in_stage1_batch,Not part of the strict-control Mayora portfolio; retained only for extended-group sensitivity.,AU028|Le Minerale||rank_change|positions|national_urban_rural|brand_footprint_national,mayora__le_minerale||rank_change|positions|national_urban_rural|brand_footprint_national,retained_for_extended_group_sensitivity_only
STD_BFP010,data/source_native/brand_footprint_public_facts.csv,BFP010,10,value,AU028,SRC_WPN_001,Brand Footprint,Worldpanel by Numerator,https://market.worldpanelbynumerator.com/id/News/Indonesia-Brand-Footprint-2024,2026-08-20,2024,2024,study_edition_2024,,national_urban_rural,brand_footprint_national,documented,Mayora extended group,Mayora,PT Tirta Fresindo Jaya,extended_group_sensitivity_only,related_group_affiliate,,,valid_with_caveat,Le Minerale,Le Minerale,mayora__le_minerale,related_party_affiliate,sensitivity_only,National urban+rural,public_summary_facts,,Beverages,Packaged Water,,direct,top100_entry,1,,boolean,observed,,boolean_indicator,none,qualitative_caveat,context_only,CMP009,Public-summary omission is not a zero or negative result.,Public summary states Le Minerale entered the top 100; excluded from strict-control Mayora primary attribution.,no,no,yes,extended_group_sensitivity_only,yes,no,no,no,limited_public_fact,2024 edition,brand operator is a related-party affiliate,captured_in_stage1_batch,Not part of the strict-control Mayora portfolio; retained only for extended-group sensitivity.,AU028|Le Minerale||top100_entry|boolean|national_urban_rural|brand_footprint_national,mayora__le_minerale||top100_entry|boolean|national_urban_rural|brand_footprint_national,retained_for_extended_group_sensitivity_only
